{
  "leftEye": {
    "ellipseMinorAxis": 0.24494899809360505,
    "ellipseMajorAxis": 0.3099985122680664,
    "screenForward": {
      "x": 0.45440375804901125,
      "y": -0.3350336253643036,
      "z": 0.8253906965255737
    },
    "screenPosition": {
      "x": -0.07116399705410004,
      "y": -0.00587209640070796,
      "z": 0.020479371771216394
    },
    "eyePosition": {
      "x": -0.029943088069558145,
      "y": -0.013366162776947022,
      "z": 0.0032203178852796556
    },
    "eyeRotation": {
      "x": 0.0,
      "y": 8.881784197001253e-16,
      "z": 5.662137425588298e-15,
      "w": 1.0
    },
    "cameraProjection": {
      "x": -0.699999988079071,
      "y": 0.699999988079071,
      "z": 0.30000001192092898,
      "w": -1.399999976158142
    },
    "sphereToWorldSpace": {
      "e00": 0.05101080238819122,
      "e01": 0.06071346998214722,
      "e02": 0.29330453276634219,
      "e03": -0.11508823186159134,
      "e10": 0.0,
      "e11": 0.23695310950279237,
      "e12": -0.07855913043022156,
      "e13": 0.022322747856378557,
      "e20": -0.23957861959934236,
      "e21": 0.012927045114338398,
      "e22": 0.062450066208839419,
      "e23": -0.054497893899679187,
      "e30": 0.0,
      "e31": 0.0,
      "e32": 0.0,
      "e33": 1.0
    },
    "worldToScreenSpace": {
      "e00": 2.998000383377075,
      "e01": 14.263498306274414,
      "e02": 4.139189720153809,
      "e03": 0.21233831346035005,
      "e10": -14.621917724609375,
      "e11": 0.6596210598945618,
      "e12": 8.317574501037598,
      "e13": -1.207019329071045,
      "e20": 0.45440366864204409,
      "e21": -0.33503350615501406,
      "e22": 0.8253905773162842,
      "e23": 0.013466350734233857,
      "e30": 0.0,
      "e31": 0.0,
      "e32": 0.0,
      "e33": 1.0
    }
  },
  "rightEye": {
    "ellipseMinorAxis": 0.24494899809360505,
    "ellipseMajorAxis": 0.3099985122680664,
    "screenForward": {
      "x": -0.41974031925201418,
      "y": -0.2910814881324768,
      "z": 0.8597032427787781
    },
    "screenPosition": {
      "x": 0.07301613688468933,
      "y": -0.00346445944160223,
      "z": 0.007641949690878391
    },
    "eyePosition": {
      "x": 0.029943088069558145,
      "y": -0.013366162776947022,
      "z": 0.0032203178852796556
    },
    "eyeRotation": {
      "x": 0.0,
      "y": 8.881784197001253e-16,
      "z": 5.662137425588298e-15,
      "w": 1.0
    },
    "cameraProjection": {
      "x": -0.699999988079071,
      "y": 0.699999988079071,
      "z": 0.30000001192092898,
      "w": -1.399999976158142
    },
    "sphereToWorldSpace": {
      "e00": 0.05101081356406212,
      "e01": -0.060713451355695727,
      "e02": -0.29330453276634219,
      "e03": 0.11221887916326523,
      "e10": 0.0,
      "e11": 0.23695312440395356,
      "e12": -0.07855910062789917,
      "e13": 0.026532774791121484,
      "e20": 0.23957861959934236,
      "e21": 0.0129270413890481,
      "e22": 0.062450066208839419,
      "e23": -0.06852428615093231,
      "e30": 0.0,
      "e31": 0.0,
      "e32": 0.0,
      "e33": 1.0
    },
    "worldToScreenSpace": {
      "e00": -2.53080677986145,
      "e01": 14.481457710266114,
      "e02": 3.6675477027893068,
      "e03": 0.206932932138443,
      "e10": -15.0192289352417,
      "e11": -0.7070277333259583,
      "e12": -7.572356700897217,
      "e13": 1.1520642042160035,
      "e20": -0.4197404384613037,
      "e21": -0.2910814881324768,
      "e22": 0.8597033619880676,
      "e23": 0.023069575428962709,
      "e30": 0.0,
      "e31": 0.0,
      "e32": 0.0,
      "e33": 1.0
    }
  },
  "leapTracker": {
    "name": "Leap Provider",
    "serial": "",
    "localPose": {
      "position": {
        "x": 0.0,
        "y": 0.05999999865889549,
        "z": 0.0804821103811264
      },
      "rotation": {
        "x": -0.29989728331565859,
        "y": 0.002775189932435751,
        "z": -0.0008724324870854616,
        "w": -0.9539670944213867
      }
    }
  }
}