{
  "leftEye": {
    "ellipseMinorAxis": 0.24494899809360505,
    "ellipseMajorAxis": 0.3099985122680664,
    "screenForward": {
      "x": 0.4544036388397217,
      "y": -0.3350335955619812,
      "z": 0.8253907561302185
    },
    "screenPosition": {
      "x": -0.07116400450468064,
      "y": -0.005872094072401524,
      "z": 0.020479369908571245
    },
    "eyePosition": {
      "x": -0.029943088069558145,
      "y": -0.013366162776947022,
      "z": 0.0032203178852796556
    },
    "eyeRotation": {
      "x": 0.0,
      "y": 8.881784197001253e-16,
      "z": 5.662137425588298e-15,
      "w": 1.0
    },
    "cameraProjection": {
      "x": -0.699999988079071,
      "y": 0.699999988079071,
      "z": 0.30000001192092898,
      "w": -1.399999976158142
    },
    "sphereToWorldSpace": {
      "e00": 0.05101080238819122,
      "e01": 0.06071346998214722,
      "e02": 0.29330453276634219,
      "e03": -0.11508823186159134,
      "e10": 0.0,
      "e11": 0.23695310950279237,
      "e12": -0.07855913043022156,
      "e13": 0.022322747856378557,
      "e20": -0.23957861959934236,
      "e21": 0.012927045114338398,
      "e22": 0.062450066208839419,
      "e23": -0.054497893899679187,
      "e30": 0.0,
      "e31": 0.0,
      "e32": 0.0,
      "e33": 1.0
    },
    "worldToScreenSpace": {
      "e00": 2.9980030059814455,
      "e01": 14.263500213623047,
      "e02": 4.13918924331665,
      "e03": 0.21233853697776795,
      "e10": -14.621919631958008,
      "e11": 0.6596239805221558,
      "e12": 8.31757640838623,
      "e13": -1.2070196866989136,
      "e20": 0.45440366864204409,
      "e21": -0.33503347635269167,
      "e22": 0.8253907561302185,
      "e23": 0.01346635352820158,
      "e30": 0.0,
      "e31": 0.0,
      "e32": 0.0,
      "e33": 1.0
    }
  },
  "rightEye": {
    "ellipseMinorAxis": 0.24494899809360505,
    "ellipseMajorAxis": 0.3099985122680664,
    "screenForward": {
      "x": -0.41974037885665896,
      "y": -0.29108142852783205,
      "z": 0.8597032427787781
    },
    "screenPosition": {
      "x": 0.07301613688468933,
      "y": -0.00346445944160223,
      "z": 0.007641949225217104
    },
    "eyePosition": {
      "x": 0.029943088069558145,
      "y": -0.013366162776947022,
      "z": 0.0032203178852796556
    },
    "eyeRotation": {
      "x": 0.0,
      "y": 8.881784197001253e-16,
      "z": 5.662137425588298e-15,
      "w": 1.0
    },
    "cameraProjection": {
      "x": -0.699999988079071,
      "y": 0.699999988079071,
      "z": 0.30000001192092898,
      "w": -1.399999976158142
    },
    "sphereToWorldSpace": {
      "e00": 0.05101081356406212,
      "e01": -0.060713451355695727,
      "e02": -0.29330453276634219,
      "e03": 0.11221887916326523,
      "e10": 0.0,
      "e11": 0.23695312440395356,
      "e12": -0.07855910062789917,
      "e13": 0.026532774791121484,
      "e20": 0.23957861959934236,
      "e21": 0.0129270413890481,
      "e22": 0.062450066208839419,
      "e23": -0.06852428615093231,
      "e30": 0.0,
      "e31": 0.0,
      "e32": 0.0,
      "e33": 1.0
    },
    "worldToScreenSpace": {
      "e00": -2.5308055877685549,
      "e01": 14.48145580291748,
      "e02": 3.6675467491149904,
      "e03": 0.20693285763263703,
      "e10": -15.019227981567383,
      "e11": -0.7070273756980896,
      "e12": -7.572356224060059,
      "e13": 1.1520640850067139,
      "e20": -0.41974034905433657,
      "e21": -0.29108139872550967,
      "e22": 0.8597033023834229,
      "e23": 0.02306956984102726,
      "e30": 0.0,
      "e31": 0.0,
      "e32": 0.0,
      "e33": 1.0
    }
  },
  "leapTracker": {
    "name": "Leap Provider",
    "serial": "",
    "localPose": {
      "position": {
        "x": 0.0,
        "y": 0.05999999865889549,
        "z": 0.0804821103811264
      },
      "rotation": {
        "x": 0.29989728331565859,
        "y": -0.002774984808638692,
        "z": 0.0008723680512048304,
        "w": 0.9539670944213867
      }
    }
  }
}