{
  "leftEye": {
    "ellipseMinorAxis": 0.24494899809360505,
    "ellipseMajorAxis": 0.3099985122680664,
    "screenForward": {
      "x": 0.4544036388397217,
      "y": -0.3350335359573364,
      "z": 0.8253906965255737
    },
    "screenPosition": {
      "x": -0.07116399705410004,
      "y": -0.005872094538062811,
      "z": 0.020479368045926095
    },
    "eyePosition": {
      "x": -0.029943088069558145,
      "y": -0.013366162776947022,
      "z": 0.0032203178852796556
    },
    "eyeRotation": {
      "x": 7.395533370627759e-32,
      "y": 1.7763568394002506e-15,
      "z": 1.1241009818395605e-14,
      "w": 1.0
    },
    "cameraProjection": {
      "x": -0.699999988079071,
      "y": 0.699999988079071,
      "z": 0.30000001192092898,
      "w": -1.399999976158142
    },
    "sphereToWorldSpace": {
      "e00": 0.05101080238819122,
      "e01": 0.06071346998214722,
      "e02": 0.29330453276634219,
      "e03": -0.11508823186159134,
      "e10": 0.0,
      "e11": 0.23695310950279237,
      "e12": -0.07855913043022156,
      "e13": 0.022322747856378557,
      "e20": -0.23957861959934236,
      "e21": 0.012927045114338398,
      "e22": 0.062450066208839419,
      "e23": -0.054497893899679187,
      "e30": 0.0,
      "e31": 0.0,
      "e32": 0.0,
      "e33": 1.0
    },
    "worldToScreenSpace": {
      "e00": 2.9980063438415529,
      "e01": 14.26350212097168,
      "e02": 4.139187335968018,
      "e03": 0.21233879029750825,
      "e10": -14.621923446655274,
      "e11": 0.6596274375915527,
      "e12": 8.317577362060547,
      "e13": -1.2070199251174927,
      "e20": 0.4544036090373993,
      "e21": -0.3350335359573364,
      "e22": 0.8253907561302185,
      "e23": 0.013466347008943558,
      "e30": 0.0,
      "e31": 0.0,
      "e32": 0.0,
      "e33": 1.0
    }
  },
  "rightEye": {
    "ellipseMinorAxis": 0.24494899809360505,
    "ellipseMajorAxis": 0.3099985122680664,
    "screenForward": {
      "x": -0.4197404384613037,
      "y": -0.29108142852783205,
      "z": 0.8597031831741333
    },
    "screenPosition": {
      "x": 0.07301613688468933,
      "y": -0.0034644603729248049,
      "z": 0.007641950622200966
    },
    "eyePosition": {
      "x": 0.029943088069558145,
      "y": -0.013366162776947022,
      "z": 0.0032203178852796556
    },
    "eyeRotation": {
      "x": 7.395533370627759e-32,
      "y": 1.7763568394002506e-15,
      "z": 1.1241009818395605e-14,
      "w": 1.0
    },
    "cameraProjection": {
      "x": -0.699999988079071,
      "y": 0.699999988079071,
      "z": 0.30000001192092898,
      "w": -1.399999976158142
    },
    "sphereToWorldSpace": {
      "e00": 0.05101081356406212,
      "e01": -0.060713451355695727,
      "e02": -0.29330453276634219,
      "e03": 0.11221887916326523,
      "e10": 0.0,
      "e11": 0.23695312440395356,
      "e12": -0.07855910062789917,
      "e13": 0.026532774791121484,
      "e20": 0.23957861959934236,
      "e21": 0.0129270413890481,
      "e22": 0.062450066208839419,
      "e23": -0.06852428615093231,
      "e30": 0.0,
      "e31": 0.0,
      "e32": 0.0,
      "e33": 1.0
    },
    "worldToScreenSpace": {
      "e00": -2.5308046340942385,
      "e01": 14.48145580291748,
      "e02": 3.667545795440674,
      "e03": 0.20693278312683106,
      "e10": -15.019231796264649,
      "e11": -0.7070268392562866,
      "e12": -7.572357177734375,
      "e13": 1.152064323425293,
      "e20": -0.41974037885665896,
      "e21": -0.29108139872550967,
      "e22": 0.8597032427787781,
      "e23": 0.02306957170367241,
      "e30": 0.0,
      "e31": 0.0,
      "e32": 0.0,
      "e33": 1.0
    }
  },
  "leapTracker": {
    "name": "Leap Odometry Origin",
    "serial": "",
    "localPose": {
      "position": {
        "x": 0.0,
        "y": 0.039777886122465137,
        "z": 0.0804821103811264
      },
      "rotation": {
        "x": 0.29989728331565859,
        "y": -0.002774984808638692,
        "z": 0.0008723680512048304,
        "w": 0.9539670944213867
      }
    }
  }
}