{"objNames":["coarseMesh","Cube1"],"objPositions":[{"x":-1.0695112943649293,"y":-1.4201176166534424,"z":1.7619645595550538},{"x":0.07081581652164459,"y":-0.04909804090857506,"z":0.2682744562625885}],"objRotations":[{"x":-0.06798642128705979,"y":-3.3774099073013987e-9,"z":-0.9976862668991089,"w":-6.655437090330452e-8},{"x":0.002989828120917082,"y":0.7110369801521301,"z":-0.7030351161956787,"w":-0.01261940412223339}],"objScales":[{"x":1.000052571296692,"y":1.0000388622283936,"z":1.0000203847885132},{"x":0.05216195806860924,"y":0.052160847932100299,"z":0.052161671221256259}]}