{
  "leftEye": {
    "ellipseMinorAxis": 0.24494899809360505,
    "ellipseMajorAxis": 0.3099985122680664,
    "screenForward": {
      "x": 0.3476904034614563,
      "y": -0.18728166818618775,
      "z": 0.9187148809432983
    },
    "screenPosition": {
      "x": -0.076443612575531,
      "y": -0.006337084341794252,
      "z": 0.011321116238832474
    },
    "eyePosition": {
      "x": -0.03200000151991844,
      "y": -0.010999999940395356,
      "z": -0.004999999888241291
    },
    "eyeRotation": {
      "x": 7.395533370627759e-32,
      "y": 1.7763568394002506e-15,
      "z": 1.1241009818395605e-14,
      "w": 1.0
    },
    "cameraProjection": {
      "x": -0.699999988079071,
      "y": 0.699999988079071,
      "z": 0.30000001192092898,
      "w": -1.399999976158142
    },
    "sphereToWorldSpace": {
      "e00": 0.05101082846522331,
      "e01": 0.06071346998214722,
      "e02": 0.2933045029640198,
      "e03": -0.11633643507957459,
      "e10": -3.650024504864291e-9,
      "e11": 0.23695310950279237,
      "e12": -0.07855913043022156,
      "e13": 0.02617923729121685,
      "e20": -0.23957860469818116,
      "e21": 0.012927052564918995,
      "e22": 0.0624501034617424,
      "e23": -0.053036708384752277,
      "e30": 0.0,
      "e31": 0.0,
      "e32": 0.0,
      "e33": 1.0
    },
    "worldToScreenSpace": {
      "e00": 1.1692196130752564,
      "e01": 14.882420539855957,
      "e02": 2.591313123703003,
      "e03": 0.15435396134853364,
      "e10": -15.731119155883789,
      "e11": 0.1924501359462738,
      "e12": 5.992720603942871,
      "e13": -1.2691682577133179,
      "e20": 0.3476903438568115,
      "e21": -0.18728166818618775,
      "e22": 0.9187148213386536,
      "e23": 0.01499100960791111,
      "e30": 0.0,
      "e31": 0.0,
      "e32": 0.0,
      "e33": 1.0
    }
  },
  "rightEye": {
    "ellipseMinorAxis": 0.24494899809360505,
    "ellipseMajorAxis": 0.3099985122680664,
    "screenForward": {
      "x": -0.3183707594871521,
      "y": -0.20848071575164796,
      "z": 0.924757182598114
    },
    "screenPosition": {
      "x": 0.07448681443929672,
      "y": -0.004627973772585392,
      "z": 0.010781614109873772
    },
    "eyePosition": {
      "x": 0.03200000151991844,
      "y": -0.010999999940395356,
      "z": -0.004999999888241291
    },
    "eyeRotation": {
      "x": 7.395533370627759e-32,
      "y": 1.7763568394002506e-15,
      "z": 1.1241009818395605e-14,
      "w": 1.0
    },
    "cameraProjection": {
      "x": -0.699999988079071,
      "y": 0.699999988079071,
      "z": 0.30000001192092898,
      "w": -1.399999976158142
    },
    "sphereToWorldSpace": {
      "e00": 0.05101081356406212,
      "e01": -0.060713451355695727,
      "e02": -0.29330453276634219,
      "e03": 0.10849935561418534,
      "e10": 0.0,
      "e11": 0.23695312440395356,
      "e12": -0.07855910062789917,
      "e13": 0.026331381872296335,
      "e20": 0.23957861959934236,
      "e21": 0.0129270413890481,
      "e22": 0.062450066208839419,
      "e23": -0.05687297508120537,
      "e30": 0.0,
      "e31": 0.0,
      "e32": 0.0,
      "e33": 1.0
    },
    "worldToScreenSpace": {
      "e00": -1.2765856981277466,
      "e01": 14.816351890563965,
      "e02": 2.900757312774658,
      "e03": 0.13238365948200227,
      "e10": -15.89587116241455,
      "e11": -0.2855735123157501,
      "e12": -5.536930084228516,
      "e13": 1.2424081563949586,
      "e20": -0.3183707594871521,
      "e21": -0.20848071575164796,
      "e22": 0.924757182598114,
      "e23": 0.012779204174876213,
      "e30": 0.0,
      "e31": 0.0,
      "e32": 0.0,
      "e33": 1.0
    }
  },
  "leapTracker": {
    "name": "Leap Odometry Origin",
    "serial": "",
    "localPose": {
      "position": {
        "x": 0.0,
        "y": 0.039777886122465137,
        "z": 0.0804821103811264
      },
      "rotation": {
        "x": 0.3122856914997101,
        "y": 0.02072335034608841,
        "z": -0.006814098451286554,
        "w": 0.9497377276420593
      }
    }
  }
}