{
  "leftEye": {
    "ellipseMinorAxis": 0.24494899809360505,
    "ellipseMajorAxis": 0.3099985122680664,
    "screenForward": {
      "x": 0.44160863757133486,
      "y": -0.390428364276886,
      "z": 0.8078041076660156
    },
    "screenPosition": {
      "x": -0.06907569617033005,
      "y": -0.0095498226583004,
      "z": 0.021701600402593614
    },
    "eyePosition": {
      "x": -0.03200000151991844,
      "y": -0.010999999940395356,
      "z": -0.004999999888241291
    },
    "eyeRotation": {
      "x": 7.395533370627759e-32,
      "y": 1.7763568394002506e-15,
      "z": 1.1241009818395605e-14,
      "w": 1.0
    },
    "cameraProjection": {
      "x": -0.699999988079071,
      "y": 0.699999988079071,
      "z": 0.30000001192092898,
      "w": -1.399999976158142
    },
    "sphereToWorldSpace": {
      "e00": 0.05101082846522331,
      "e01": 0.06071346998214722,
      "e02": 0.2933045029640198,
      "e03": -0.11373594403266907,
      "e10": -3.650024504864291e-9,
      "e11": 0.23695310950279237,
      "e12": -0.07855913043022156,
      "e13": 0.025794753804802896,
      "e20": -0.23957860469818116,
      "e21": 0.012927052564918995,
      "e22": 0.0624501034617424,
      "e23": -0.05055154487490654,
      "e30": 0.0,
      "e31": 0.0,
      "e32": 0.0,
      "e33": 1.0
    },
    "worldToScreenSpace": {
      "e00": 3.3249599933624269,
      "e01": 13.93953800201416,
      "e02": 4.919583797454834,
      "e03": 0.25603124499320986,
      "e10": -14.645735740661621,
      "e11": 0.5704280138015747,
      "e12": 8.28219985961914,
      "e13": -1.185953974723816,
      "e20": 0.4416086673736572,
      "e21": -0.3904283940792084,
      "e22": 0.8078040480613709,
      "e23": 0.009245265275239945,
      "e30": 0.0,
      "e31": 0.0,
      "e32": 0.0,
      "e33": 1.0
    }
  },
  "rightEye": {
    "ellipseMinorAxis": 0.24494899809360505,
    "ellipseMajorAxis": 0.3099985122680664,
    "screenForward": {
      "x": -0.48851096630096438,
      "y": -0.3084161877632141,
      "z": 0.8162330985069275
    },
    "screenPosition": {
      "x": 0.07254960387945175,
      "y": -0.008765650913119316,
      "z": 0.021715248003602029
    },
    "eyePosition": {
      "x": 0.03200000151991844,
      "y": -0.010999999940395356,
      "z": -0.004999999888241291
    },
    "eyeRotation": {
      "x": 7.395533370627759e-32,
      "y": 1.7763568394002506e-15,
      "z": 1.1241009818395605e-14,
      "w": 1.0
    },
    "cameraProjection": {
      "x": -0.699999988079071,
      "y": 0.699999988079071,
      "z": 0.30000001192092898,
      "w": -1.399999976158142
    },
    "sphereToWorldSpace": {
      "e00": 0.05101081356406212,
      "e01": -0.060713451355695727,
      "e02": -0.29330453276634219,
      "e03": 0.11361002177000046,
      "e10": 0.0,
      "e11": 0.23695312440395356,
      "e12": -0.07855910062789917,
      "e13": 0.025137772783637048,
      "e20": 0.23957861959934236,
      "e21": 0.0129270413890481,
      "e22": 0.062450066208839419,
      "e23": -0.05359722301363945,
      "e30": 0.0,
      "e31": 0.0,
      "e32": 0.0,
      "e33": 1.0
    },
    "worldToScreenSpace": {
      "e00": -1.972229242324829,
      "e01": 14.405152320861817,
      "e02": 4.262662887573242,
      "e03": 0.17679022252559663,
      "e10": -14.525154113769532,
      "e11": 0.5250645875930786,
      "e12": -8.49482536315918,
      "e13": 1.2428640127182007,
      "e20": -0.4885109066963196,
      "e21": -0.3084161579608917,
      "e22": 0.8162330985069275,
      "e23": 0.015013104304671288,
      "e30": 0.0,
      "e31": 0.0,
      "e32": 0.0,
      "e33": 1.0
    }
  },
  "leapTracker": {
    "name": "Leap Odometry Origin",
    "serial": "",
    "localPose": {
      "position": {
        "x": 0.0,
        "y": 0.039777886122465137,
        "z": 0.0804821103811264
      },
      "rotation": {
        "x": 0.32751786708831789,
        "y": 0.0,
        "z": 0.0,
        "w": 0.9448449611663818
      }
    }
  }
}