{
  "leftEye": {
    "ellipseMinorAxis": 0.24494899809360505,
    "ellipseMajorAxis": 0.3099985122680664,
    "screenForward": {
      "x": 0.35570859909057619,
      "y": -0.21916615962982179,
      "z": 0.9085359573364258
    },
    "screenPosition": {
      "x": -0.0760963037610054,
      "y": -0.0067031169310212139,
      "z": 0.011886396445333958
    },
    "eyePosition": {
      "x": -0.03200000151991844,
      "y": -0.010999999940395356,
      "z": -0.004999999888241291
    },
    "eyeRotation": {
      "x": 7.395533370627759e-32,
      "y": 1.7763568394002506e-15,
      "z": 1.1241009818395605e-14,
      "w": 1.0
    },
    "cameraProjection": {
      "x": -0.699999988079071,
      "y": 0.699999988079071,
      "z": 0.30000001192092898,
      "w": -1.399999976158142
    },
    "sphereToWorldSpace": {
      "e00": 0.05101080238819122,
      "e01": 0.06071346998214722,
      "e02": 0.29330453276634219,
      "e03": -0.11757510155439377,
      "e10": 0.0,
      "e11": 0.23695310950279237,
      "e12": -0.07855913043022156,
      "e13": 0.025794224813580514,
      "e20": -0.23957861959934236,
      "e21": 0.012927045114338398,
      "e22": 0.062450066208839419,
      "e23": -0.05383267626166344,
      "e30": 0.0,
      "e31": 0.0,
      "e32": 0.0,
      "e33": 1.0
    },
    "worldToScreenSpace": {
      "e00": 1.1075313091278077,
      "e01": 14.782751083374024,
      "e02": 3.1324238777160646,
      "e03": 0.1461362987756729,
      "e10": -15.685758590698243,
      "e11": -0.11999744176864624,
      "e12": 6.112317085266113,
      "e13": -1.2670860290527344,
      "e20": 0.3557085692882538,
      "e21": -0.21916617453098298,
      "e22": 0.9085359573364258,
      "e23": 0.014799792319536209,
      "e30": 0.0,
      "e31": 0.0,
      "e32": 0.0,
      "e33": 1.0
    }
  },
  "rightEye": {
    "ellipseMinorAxis": 0.24494899809360505,
    "ellipseMajorAxis": 0.3099985122680664,
    "screenForward": {
      "x": -0.3070807456970215,
      "y": -0.24265889823436738,
      "z": 0.9202271699905396
    },
    "screenPosition": {
      "x": 0.07814788818359375,
      "y": -0.004408162087202072,
      "z": 0.015787487849593164
    },
    "eyePosition": {
      "x": 0.03200000151991844,
      "y": -0.010999999940395356,
      "z": -0.004999999888241291
    },
    "eyeRotation": {
      "x": 7.395533370627759e-32,
      "y": 1.7763568394002506e-15,
      "z": 1.1241009818395605e-14,
      "w": 1.0
    },
    "cameraProjection": {
      "x": -0.699999988079071,
      "y": 0.699999988079071,
      "z": 0.30000001192092898,
      "w": -1.399999976158142
    },
    "sphereToWorldSpace": {
      "e00": 0.05101081356406212,
      "e01": -0.060713451355695727,
      "e02": -0.29330453276634219,
      "e03": 0.11437920480966568,
      "e10": 0.0,
      "e11": 0.23695312440395356,
      "e12": -0.07855910062789917,
      "e13": 0.02685311622917652,
      "e20": 0.23957861959934236,
      "e21": 0.0129270413890481,
      "e22": 0.062450066208839419,
      "e23": -0.05220567807555199,
      "e30": 0.0,
      "e31": 0.0,
      "e32": 0.0,
      "e33": 1.0
    },
    "worldToScreenSpace": {
      "e00": -1.2324845790863038,
      "e01": 14.698491096496582,
      "e02": 3.4646315574645998,
      "e03": 0.10641156882047653,
      "e10": -15.962974548339844,
      "e11": -0.0780494213104248,
      "e12": -5.347442626953125,
      "e13": 1.331551432609558,
      "e20": -0.30708080530166628,
      "e21": -0.24265892803668977,
      "e22": 0.9202271103858948,
      "e23": 0.0083999615162611,
      "e30": 0.0,
      "e31": 0.0,
      "e32": 0.0,
      "e33": 1.0
    }
  },
  "leapTracker": {
    "name": "Leap Odometry Origin",
    "serial": "",
    "localPose": {
      "position": {
        "x": 0.0,
        "y": 0.039777886122465137,
        "z": 0.0804821103811264
      },
      "rotation": {
        "x": 0.3176712989807129,
        "y": 0.03446740657091141,
        "z": -0.011555948294699192,
        "w": 0.9475038051605225
      }
    }
  }
}