{
  "leftEye": {
    "ellipseMinorAxis": 0.24494899809360505,
    "ellipseMajorAxis": 0.3099985122680664,
    "screenForward": {
      "x": 0.47352999448776247,
      "y": -0.3513282835483551,
      "z": 0.8076742887496948
    },
    "screenPosition": {
      "x": -0.0703149139881134,
      "y": -0.008144058287143708,
      "z": 0.019307173788547517
    },
    "eyePosition": {
      "x": -0.03200000151991844,
      "y": -0.010999999940395356,
      "z": -0.004999999888241291
    },
    "eyeRotation": {
      "x": 7.395533370627759e-32,
      "y": 1.7763568394002506e-15,
      "z": 1.1241009818395605e-14,
      "w": 1.0
    },
    "cameraProjection": {
      "x": -0.699999988079071,
      "y": 0.699999988079071,
      "z": 0.30000001192092898,
      "w": -1.399999976158142
    },
    "sphereToWorldSpace": {
      "e00": 0.05101080238819122,
      "e01": 0.06071346998214722,
      "e02": 0.29330453276634219,
      "e03": -0.11595701426267624,
      "e10": 0.0,
      "e11": 0.23695310950279237,
      "e12": -0.07855913043022156,
      "e13": 0.023776380345225335,
      "e20": -0.23957861959934236,
      "e21": 0.012927045114338398,
      "e22": 0.062450066208839419,
      "e23": -0.0538744181394577,
      "e30": 0.0,
      "e31": 0.0,
      "e32": 0.0,
      "e33": 1.0
    },
    "worldToScreenSpace": {
      "e00": 2.957369089126587,
      "e01": 14.182711601257325,
      "e02": 4.435431957244873,
      "e03": 0.23781633377075196,
      "e10": -14.459229469299317,
      "e11": 0.32031160593032839,
      "e12": 8.616606712341309,
      "e13": -1.1804531812667847,
      "e20": 0.47352999448776247,
      "e21": -0.3513282835483551,
      "e22": 0.8076742887496948,
      "e23": 0.01484107505530119,
      "e30": 0.0,
      "e31": 0.0,
      "e32": 0.0,
      "e33": 1.0
    }
  },
  "rightEye": {
    "ellipseMinorAxis": 0.24494899809360505,
    "ellipseMajorAxis": 0.3099985122680664,
    "screenForward": {
      "x": -0.4784059226512909,
      "y": -0.30957868695259097,
      "z": 0.8217595815658569
    },
    "screenPosition": {
      "x": 0.07748114317655564,
      "y": -0.004925346001982689,
      "z": 0.022608552128076555
    },
    "eyePosition": {
      "x": 0.03200000151991844,
      "y": -0.010999999940395356,
      "z": -0.004999999888241291
    },
    "eyeRotation": {
      "x": 7.395533370627759e-32,
      "y": 1.7763568394002506e-15,
      "z": 1.1241009818395605e-14,
      "w": 1.0
    },
    "cameraProjection": {
      "x": -0.699999988079071,
      "y": 0.699999988079071,
      "z": 0.30000001192092898,
      "w": -1.399999976158142
    },
    "sphereToWorldSpace": {
      "e00": 0.05101081356406212,
      "e01": -0.060713451355695727,
      "e02": -0.29330453276634219,
      "e03": 0.11807645112276077,
      "e10": 0.0,
      "e11": 0.23695312440395356,
      "e12": -0.07855910062789917,
      "e13": 0.026050975546240808,
      "e20": 0.23957861959934236,
      "e21": 0.0129270413890481,
      "e22": 0.062450066208839419,
      "e23": -0.05341564491391182,
      "e30": 0.0,
      "e31": 0.0,
      "e32": 0.0,
      "e33": 1.0
    },
    "worldToScreenSpace": {
      "e00": -2.2093753814697267,
      "e01": 14.406229019165039,
      "e02": 4.140972137451172,
      "e03": 0.14851923286914826,
      "e10": -14.578238487243653,
      "e11": 0.18387746810913087,
      "e12": -8.417778968811036,
      "e13": 1.3207581043243409,
      "e20": -0.4784059226512909,
      "e21": -0.30957871675491335,
      "e22": 0.8217595219612122,
      "e23": 0.016963861882686616,
      "e30": 0.0,
      "e31": 0.0,
      "e32": 0.0,
      "e33": 1.0
    }
  },
  "leapTracker": {
    "name": "Leap Odometry Origin",
    "serial": "",
    "localPose": {
      "position": {
        "x": 0.0,
        "y": 0.039777886122465137,
        "z": 0.0804821103811264
      },
      "rotation": {
        "x": 0.2739763855934143,
        "y": 0.075437992811203,
        "z": -0.021562403067946435,
        "w": 0.9585307240486145
      }
    }
  }
}