{
  "leftEye": {
    "ellipseMinorAxis": 0.24494899809360505,
    "ellipseMajorAxis": 0.3099985122680664,
    "screenForward": {
      "x": 0.4506222605705261,
      "y": -0.36661994457244875,
      "z": 0.8139591217041016
    },
    "screenPosition": {
      "x": -0.07042922079563141,
      "y": -0.006566252093762159,
      "z": 0.019854586571455003
    },
    "eyePosition": {
      "x": -0.03200000151991844,
      "y": -0.010999999940395356,
      "z": -0.004999999888241291
    },
    "eyeRotation": {
      "x": 7.395533370627759e-32,
      "y": 1.7763568394002506e-15,
      "z": 1.1241009818395605e-14,
      "w": 1.0
    },
    "cameraProjection": {
      "x": -0.699999988079071,
      "y": 0.699999988079071,
      "z": 0.30000001192092898,
      "w": -1.399999976158142
    },
    "sphereToWorldSpace": {
      "e00": 0.05101080238819122,
      "e01": 0.06071346998214722,
      "e02": 0.29330453276634219,
      "e03": -0.11475599557161331,
      "e10": 0.0,
      "e11": 0.23695310950279237,
      "e12": -0.07855913043022156,
      "e13": 0.02565840445458889,
      "e20": -0.23957861959934236,
      "e21": 0.012927045114338398,
      "e22": 0.062450066208839419,
      "e23": -0.053641658276319507,
      "e30": 0.0,
      "e31": 0.0,
      "e32": 0.0,
      "e33": 1.0
    },
    "worldToScreenSpace": {
      "e00": 2.900139808654785,
      "e01": 14.094757080078125,
      "e02": 4.7429304122924809,
      "e03": 0.20263540744781495,
      "e10": -14.67934513092041,
      "e11": 0.2481394112110138,
      "e12": 8.238511085510254,
      "e13": -1.1957975625991822,
      "e20": 0.45062217116355898,
      "e21": -0.36661994457244875,
      "e22": 0.8139591217041016,
      "e23": 0.013168827630579472,
      "e30": 0.0,
      "e31": 0.0,
      "e32": 0.0,
      "e33": 1.0
    }
  },
  "rightEye": {
    "ellipseMinorAxis": 0.24494899809360505,
    "ellipseMajorAxis": 0.3099985122680664,
    "screenForward": {
      "x": -0.43107157945632937,
      "y": -0.367436021566391,
      "z": 0.824116587638855
    },
    "screenPosition": {
      "x": 0.07310163229703903,
      "y": -0.008361869491636753,
      "z": 0.020256282761693
    },
    "eyePosition": {
      "x": 0.03200000151991844,
      "y": -0.010999999940395356,
      "z": -0.004999999888241291
    },
    "eyeRotation": {
      "x": 7.395533370627759e-32,
      "y": 1.7763568394002506e-15,
      "z": 1.1241009818395605e-14,
      "w": 1.0
    },
    "cameraProjection": {
      "x": -0.699999988079071,
      "y": 0.699999988079071,
      "z": 0.30000001192092898,
      "w": -1.399999976158142
    },
    "sphereToWorldSpace": {
      "e00": 0.05101081356406212,
      "e01": -0.060713451355695727,
      "e02": -0.29330453276634219,
      "e03": 0.11466697603464127,
      "e10": 0.0,
      "e11": 0.23695312440395356,
      "e12": -0.07855910062789917,
      "e13": 0.02518082968890667,
      "e20": 0.23957861959934236,
      "e21": 0.0129270413890481,
      "e22": 0.062450066208839419,
      "e23": -0.05405447632074356,
      "e30": 0.0,
      "e31": 0.0,
      "e32": 0.0,
      "e33": 1.0
    },
    "worldToScreenSpace": {
      "e00": -2.885171413421631,
      "e01": 14.08799934387207,
      "e02": 4.77204704284668,
      "e03": 0.23204883933067323,
      "e10": -14.848421096801758,
      "e11": -0.3562493622303009,
      "e12": -7.9256134033203129,
      "e13": 1.2430084943771363,
      "e20": -0.43107151985168459,
      "e21": -0.367436021566391,
      "e22": 0.8241166472434998,
      "e23": 0.011746044270694256,
      "e30": 0.0,
      "e31": 0.0,
      "e32": 0.0,
      "e33": 1.0
    }
  },
  "leapTracker": {
    "name": "Leap Odometry Origin",
    "serial": "",
    "localPose": {
      "position": {
        "x": 0.0,
        "y": 0.039777886122465137,
        "z": 0.0804821103811264
      },
      "rotation": {
        "x": 0.2947174906730652,
        "y": 0.0791042372584343,
        "z": -0.024489130824804307,
        "w": 0.9519897103309631
      }
    }
  }
}