{
  "leftEye": {
    "ellipseMinorAxis": 0.24494899809360505,
    "ellipseMajorAxis": 0.3099985122680664,
    "screenForward": {
      "x": 0.5408079028129578,
      "y": -0.3373976945877075,
      "z": 0.770512580871582
    },
    "screenPosition": {
      "x": -0.07682554423809052,
      "y": -0.004409743007272482,
      "z": 0.015098383650183678
    },
    "eyePosition": {
      "x": -0.03200000151991844,
      "y": -0.010999999940395356,
      "z": -0.004999999888241291
    },
    "eyeRotation": {
      "x": 7.395533370627759e-32,
      "y": 1.7763568394002506e-15,
      "z": 1.1241009818395605e-14,
      "w": 1.0
    },
    "cameraProjection": {
      "x": -0.699999988079071,
      "y": 0.699999988079071,
      "z": 0.30000001192092898,
      "w": -1.399999976158142
    },
    "sphereToWorldSpace": {
      "e00": 0.05101080238819122,
      "e01": 0.06071346998214722,
      "e02": 0.29330453276634219,
      "e03": -0.11386751383543015,
      "e10": 0.0,
      "e11": 0.23695310950279237,
      "e12": -0.07855913043022156,
      "e13": 0.02231047861278057,
      "e20": -0.23957861959934236,
      "e21": 0.012927045114338398,
      "e22": 0.062450066208839419,
      "e23": -0.053943607956171039,
      "e30": 0.0,
      "e31": 0.0,
      "e32": 0.0,
      "e33": 1.0
    },
    "worldToScreenSpace": {
      "e00": 2.772880792617798,
      "e01": 14.261818885803223,
      "e02": 4.2988386154174809,
      "e03": 0.2110135406255722,
      "e10": -13.821478843688965,
      "e11": -0.20922964811325074,
      "e12": 9.60940933227539,
      "e13": -1.2078518867492676,
      "e20": 0.5408079028129578,
      "e21": -0.3373976945877075,
      "e22": 0.7705125212669373,
      "e23": 0.028426529839634897,
      "e30": 0.0,
      "e31": 0.0,
      "e32": 0.0,
      "e33": 1.0
    }
  },
  "rightEye": {
    "ellipseMinorAxis": 0.24494899809360505,
    "ellipseMajorAxis": 0.3099985122680664,
    "screenForward": {
      "x": -0.5315001606941223,
      "y": -0.30550146102905276,
      "z": 0.7900484204292297
    },
    "screenPosition": {
      "x": 0.07361100614070893,
      "y": -0.009093751199543476,
      "z": 0.023721354082226754
    },
    "eyePosition": {
      "x": 0.03200000151991844,
      "y": -0.010999999940395356,
      "z": -0.004999999888241291
    },
    "eyeRotation": {
      "x": 7.395533370627759e-32,
      "y": 1.7763568394002506e-15,
      "z": 1.1241009818395605e-14,
      "w": 1.0
    },
    "cameraProjection": {
      "x": -0.699999988079071,
      "y": 0.699999988079071,
      "z": 0.30000001192092898,
      "w": -1.399999976158142
    },
    "sphereToWorldSpace": {
      "e00": 0.05101081356406212,
      "e01": -0.060713451355695727,
      "e02": -0.29330453276634219,
      "e03": 0.11418356746435166,
      "e10": 0.0,
      "e11": 0.23695312440395356,
      "e12": -0.07855910062789917,
      "e13": 0.02234899438917637,
      "e20": 0.23957861959934236,
      "e21": 0.0129270413890481,
      "e22": 0.062450066208839419,
      "e23": -0.052421607077121738,
      "e30": 0.0,
      "e31": 0.0,
      "e32": 0.0,
      "e33": 1.0
    },
    "worldToScreenSpace": {
      "e00": -2.2637124061584474,
      "e01": 14.422493934631348,
      "e02": 4.0540924072265629,
      "e03": 0.2016201615333557,
      "e10": -14.036667823791504,
      "e11": 0.4070088863372803,
      "e12": -9.28569507598877,
      "e13": 1.2572237253189088,
      "e20": -0.5315001606941223,
      "e21": -0.30550143122673037,
      "e22": 0.790048360824585,
      "e23": 0.017605092376470567,
      "e30": 0.0,
      "e31": 0.0,
      "e32": 0.0,
      "e33": 1.0
    }
  },
  "leapTracker": {
    "name": "Leap Odometry Origin",
    "serial": "",
    "localPose": {
      "position": {
        "x": 0.0,
        "y": 0.039777886122465137,
        "z": 0.0804821103811264
      },
      "rotation": {
        "x": 0.2947174906730652,
        "y": 0.0791042372584343,
        "z": -0.024489130824804307,
        "w": 0.9519897103309631
      }
    }
  }
}