{
  "leftEye": {
    "ellipseMinorAxis": 0.24494899809360505,
    "ellipseMajorAxis": 0.3099985122680664,
    "screenForward": {
      "x": 0.33745670318603518,
      "y": -0.20029906928539277,
      "z": 0.9197843670845032
    },
    "screenPosition": {
      "x": -0.0777614563703537,
      "y": -0.0028298189863562586,
      "z": 0.014430477283895016
    },
    "eyePosition": {
      "x": -0.03200000151991844,
      "y": -0.010999999940395356,
      "z": -0.004999999888241291
    },
    "eyeRotation": {
      "x": 7.395533370627759e-32,
      "y": 1.7763568394002506e-15,
      "z": 1.1241009818395605e-14,
      "w": 1.0
    },
    "cameraProjection": {
      "x": -0.699999988079071,
      "y": 0.699999988079071,
      "z": 0.30000001192092898,
      "w": -1.399999976158142
    },
    "sphereToWorldSpace": {
      "e00": 0.05101080238819122,
      "e01": 0.06071346998214722,
      "e02": 0.29330453276634219,
      "e03": -0.1200132891535759,
      "e10": 0.0,
      "e11": 0.23695310950279237,
      "e12": -0.07855913043022156,
      "e13": 0.024929719045758249,
      "e20": -0.23957861959934236,
      "e21": 0.012927045114338398,
      "e22": 0.062450066208839419,
      "e23": -0.05427783727645874,
      "e30": 0.0,
      "e31": 0.0,
      "e32": 0.0,
      "e33": 1.0
    },
    "worldToScreenSpace": {
      "e00": 1.6915255784988404,
      "e01": 14.82908821105957,
      "e02": 2.608693838119507,
      "e03": 0.13585445284843446,
      "e10": -15.735649108886719,
      "e11": 0.7505759596824646,
      "e12": 5.936652183532715,
      "e13": -1.3071718215942383,
      "e20": 0.33745667338371279,
      "e21": -0.20029911398887635,
      "e22": 0.9197843074798584,
      "e23": 0.012401384301483632,
      "e30": 0.0,
      "e31": 0.0,
      "e32": 0.0,
      "e33": 1.0
    }
  },
  "rightEye": {
    "ellipseMinorAxis": 0.24494899809360505,
    "ellipseMajorAxis": 0.3099985122680664,
    "screenForward": {
      "x": -0.3958486318588257,
      "y": -0.12601636350154878,
      "z": 0.9096283316612244
    },
    "screenPosition": {
      "x": 0.08217990398406983,
      "y": -0.003923312295228243,
      "z": 0.015158481895923615
    },
    "eyePosition": {
      "x": 0.03200000151991844,
      "y": -0.010999999940395356,
      "z": -0.004999999888241291
    },
    "eyeRotation": {
      "x": 7.395533370627759e-32,
      "y": 1.7763568394002506e-15,
      "z": 1.1241009818395605e-14,
      "w": 1.0
    },
    "cameraProjection": {
      "x": -0.699999988079071,
      "y": 0.699999988079071,
      "z": 0.30000001192092898,
      "w": -1.399999976158142
    },
    "sphereToWorldSpace": {
      "e00": 0.05101081356406212,
      "e01": -0.060713451355695727,
      "e02": -0.29330453276634219,
      "e03": 0.11753657460212708,
      "e10": 0.0,
      "e11": 0.23695312440395356,
      "e12": -0.07855910062789917,
      "e13": 0.024368563666939737,
      "e20": 0.23957861959934236,
      "e21": 0.0129270413890481,
      "e22": 0.062450066208839419,
      "e23": -0.054084260016679767,
      "e30": 0.0,
      "e31": 0.0,
      "e32": 0.0,
      "e33": 1.0
    },
    "worldToScreenSpace": {
      "e00": -1.828489065170288,
      "e01": 14.986177444458008,
      "e02": 1.280411720275879,
      "e03": 0.18965139985084535,
      "e10": -15.325786590576172,
      "e11": -1.2848854064941407,
      "e12": -6.847420692443848,
      "e13": 1.3582271337509156,
      "e20": -0.3958486318588257,
      "e21": -0.12601636350154878,
      "e22": 0.9096283912658691,
      "e23": 0.0182478129863739,
      "e30": 0.0,
      "e31": 0.0,
      "e32": 0.0,
      "e33": 1.0
    }
  },
  "leapTracker": {
    "name": "Leap Odometry Origin",
    "serial": "",
    "localPose": {
      "position": {
        "x": 0.0,
        "y": 0.039777886122465137,
        "z": 0.0804821103811264
      },
      "rotation": {
        "x": 0.20540933310985566,
        "y": 0.04837416484951973,
        "z": -0.010165981948375702,
        "w": 0.9774270057678223
      }
    }
  }
}