{
  "leftEye": {
    "ellipseMinorAxis": 0.24494899809360505,
    "ellipseMajorAxis": 0.3099985122680664,
    "screenForward": {
      "x": 0.4502556324005127,
      "y": -0.3363802433013916,
      "z": 0.8271144032478333
    },
    "screenPosition": {
      "x": -0.07267241179943085,
      "y": -0.010116287507116795,
      "z": 0.021205918863415719
    },
    "eyePosition": {
      "x": -0.03200000151991844,
      "y": -0.010999999940395356,
      "z": -0.004999999888241291
    },
    "eyeRotation": {
      "x": 7.395533370627759e-32,
      "y": 1.7763568394002506e-15,
      "z": 1.1241009818395605e-14,
      "w": 1.0
    },
    "cameraProjection": {
      "x": -0.699999988079071,
      "y": 0.699999988079071,
      "z": 0.30000001192092898,
      "w": -1.399999976158142
    },
    "sphereToWorldSpace": {
      "e00": 0.05101080238819122,
      "e01": 0.06071346998214722,
      "e02": 0.29330453276634219,
      "e03": -0.11884140223264694,
      "e10": 0.0,
      "e11": 0.23695310950279237,
      "e12": -0.07855913043022156,
      "e13": 0.023178735747933389,
      "e20": -0.23957861959934236,
      "e21": 0.012927045114338398,
      "e22": 0.062450066208839419,
      "e23": -0.051942870020866397,
      "e30": 0.0,
      "e31": 0.0,
      "e32": 0.0,
      "e33": 1.0
    },
    "worldToScreenSpace": {
      "e00": 2.4324536323547365,
      "e01": 14.26857852935791,
      "e02": 4.478753566741943,
      "e03": 0.22614122927188874,
      "e10": -14.78701400756836,
      "e11": -0.005185544490814209,
      "e12": 8.047486305236817,
      "e13": -1.2453148365020753,
      "e20": 0.4502556025981903,
      "e21": -0.3363801836967468,
      "e22": 0.8271142840385437,
      "e23": 0.011778522282838822,
      "e30": 0.0,
      "e31": 0.0,
      "e32": 0.0,
      "e33": 1.0
    }
  },
  "rightEye": {
    "ellipseMinorAxis": 0.24494899809360505,
    "ellipseMajorAxis": 0.3099985122680664,
    "screenForward": {
      "x": -0.46115559339523318,
      "y": -0.33896002173423769,
      "z": 0.8200253844261169
    },
    "screenPosition": {
      "x": 0.0735584944486618,
      "y": -0.008836913853883744,
      "z": 0.023798955604434015
    },
    "eyePosition": {
      "x": 0.03200000151991844,
      "y": -0.010999999940395356,
      "z": -0.004999999888241291
    },
    "eyeRotation": {
      "x": 7.395533370627759e-32,
      "y": 1.7763568394002506e-15,
      "z": 1.1241009818395605e-14,
      "w": 1.0
    },
    "cameraProjection": {
      "x": -0.699999988079071,
      "y": 0.699999988079071,
      "z": 0.30000001192092898,
      "w": -1.399999976158142
    },
    "sphereToWorldSpace": {
      "e00": 0.05101081356406212,
      "e01": -0.060713451355695727,
      "e02": -0.29330453276634219,
      "e03": 0.11413201689720154,
      "e10": 0.0,
      "e11": 0.23695312440395356,
      "e12": -0.07855910062789917,
      "e13": 0.025634394958615304,
      "e20": 0.23957861959934236,
      "e21": 0.0129270413890481,
      "e22": 0.062450066208839419,
      "e23": -0.05197426304221153,
      "e30": 0.0,
      "e31": 0.0,
      "e32": 0.0,
      "e33": 1.0
    },
    "worldToScreenSpace": {
      "e00": -2.622736692428589,
      "e01": 14.254103660583496,
      "e02": 4.41703462600708,
      "e03": 0.21376603841781617,
      "e10": -14.651030540466309,
      "e11": -0.12641197443008424,
      "e12": -8.29151439666748,
      "e13": 1.273919939994812,
      "e20": -0.46115565299987795,
      "e21": -0.33896002173423769,
      "e22": 0.8200255036354065,
      "e23": 0.011410804465413094,
      "e30": 0.0,
      "e31": 0.0,
      "e32": 0.0,
      "e33": 1.0
    }
  },
  "leapTracker": {
    "name": "Leap Odometry Origin",
    "serial": "",
    "localPose": {
      "position": {
        "x": 0.0,
        "y": 0.039777886122465137,
        "z": 0.0804821103811264
      },
      "rotation": {
        "x": 0.18124213814735413,
        "y": 0.041466690599918368,
        "z": -0.00764911063015461,
        "w": 0.9825341105461121
      }
    }
  }
}