{
  "leftEye": {
    "ellipseMinorAxis": 0.24494899809360505,
    "ellipseMajorAxis": 0.3099985122680664,
    "screenForward": {
      "x": 0.4569927752017975,
      "y": -0.36114123463630679,
      "z": 0.8128558397293091
    },
    "screenPosition": {
      "x": -0.07266012579202652,
      "y": -0.009844264015555382,
      "z": 0.0204421728849411
    },
    "eyePosition": {
      "x": -0.03200000151991844,
      "y": -0.010999999940395356,
      "z": -0.004999999888241291
    },
    "eyeRotation": {
      "x": 7.395533370627759e-32,
      "y": 1.7763568394002506e-15,
      "z": 1.1241009818395605e-14,
      "w": 1.0
    },
    "cameraProjection": {
      "x": -0.699999988079071,
      "y": 0.699999988079071,
      "z": 0.30000001192092898,
      "w": -1.399999976158142
    },
    "sphereToWorldSpace": {
      "e00": 0.05101080238819122,
      "e01": 0.06071346998214722,
      "e02": 0.29330453276634219,
      "e03": -0.11845492571592331,
      "e10": 0.0,
      "e11": 0.23695310950279237,
      "e12": -0.07855913043022156,
      "e13": 0.022927938029170038,
      "e20": -0.23957861959934236,
      "e21": 0.012927045114338398,
      "e22": 0.062450066208839419,
      "e23": -0.05152222141623497,
      "e30": 0.0,
      "e31": 0.0,
      "e32": 0.0,
      "e33": 1.0
    },
    "worldToScreenSpace": {
      "e00": 2.692157030105591,
      "e01": 14.128950119018555,
      "e02": 4.763759136199951,
      "e03": 0.23732002079486848,
      "e10": -14.672435760498047,
      "e11": 0.01259148120880127,
      "e12": 8.254528999328614,
      "e13": -1.234717607498169,
      "e20": 0.4569927453994751,
      "e21": -0.3611411452293396,
      "e22": 0.8128559589385986,
      "e23": 0.013033438473939896,
      "e30": 0.0,
      "e31": 0.0,
      "e32": 0.0,
      "e33": 1.0
    }
  },
  "rightEye": {
    "ellipseMinorAxis": 0.24494899809360505,
    "ellipseMajorAxis": 0.3099985122680664,
    "screenForward": {
      "x": -0.45532041788101199,
      "y": -0.3513978123664856,
      "z": 0.8180482387542725
    },
    "screenPosition": {
      "x": 0.07469283044338227,
      "y": -0.00762657355517149,
      "z": 0.020337406545877458
    },
    "eyePosition": {
      "x": 0.03200000151991844,
      "y": -0.010999999940395356,
      "z": -0.004999999888241291
    },
    "eyeRotation": {
      "x": 7.395533370627759e-32,
      "y": 1.7763568394002506e-15,
      "z": 1.1241009818395605e-14,
      "w": 1.0
    },
    "cameraProjection": {
      "x": -0.699999988079071,
      "y": 0.699999988079071,
      "z": 0.30000001192092898,
      "w": -1.399999976158142
    },
    "sphereToWorldSpace": {
      "e00": 0.05101081356406212,
      "e01": -0.060713451355695727,
      "e02": -0.29330453276634219,
      "e03": 0.11444833129644394,
      "e10": 0.0,
      "e11": 0.23695312440395356,
      "e12": -0.07855910062789917,
      "e13": 0.02462027408182621,
      "e20": 0.23957861959934236,
      "e21": 0.0129270413890481,
      "e22": 0.062450066208839419,
      "e23": -0.05531499534845352,
      "e30": 0.0,
      "e31": 0.0,
      "e32": 0.0,
      "e33": 1.0
    },
    "worldToScreenSpace": {
      "e00": -2.9114363193511965,
      "e01": 14.18102741241455,
      "e02": 4.471062183380127,
      "e03": 0.23468627035617829,
      "e10": -14.635431289672852,
      "e11": -0.38436663150787356,
      "e12": -8.3110933303833,
      "e13": 1.2592564821243287,
      "e20": -0.4553203880786896,
      "e21": -0.3513977825641632,
      "e22": 0.8180482387542725,
      "e23": 0.014692230150103569,
      "e30": 0.0,
      "e31": 0.0,
      "e32": 0.0,
      "e33": 1.0
    }
  },
  "leapTracker": {
    "name": "Leap Odometry Origin",
    "serial": "",
    "localPose": {
      "position": {
        "x": 0.0,
        "y": 0.039777886122465137,
        "z": 0.0804821103811264
      },
      "rotation": {
        "x": 0.28409242630004885,
        "y": 0.05713221803307533,
        "z": -0.016961127519607545,
        "w": 0.9569429159164429
      }
    }
  }
}