{
  "leftEye": {
    "ellipseMinorAxis": 0.24494899809360505,
    "ellipseMajorAxis": 0.3099985122680664,
    "screenForward": {
      "x": 0.46567070484161379,
      "y": -0.3552822768688202,
      "z": 0.8105093240737915
    },
    "screenPosition": {
      "x": -0.07055821269750595,
      "y": -0.007359116803854704,
      "z": 0.02100883610546589
    },
    "eyePosition": {
      "x": -0.03200000151991844,
      "y": -0.010999999940395356,
      "z": -0.004999999888241291
    },
    "eyeRotation": {
      "x": 7.395533370627759e-32,
      "y": 1.7763568394002506e-15,
      "z": 1.1241009818395605e-14,
      "w": 1.0
    },
    "cameraProjection": {
      "x": -0.699999988079071,
      "y": 0.699999988079071,
      "z": 0.30000001192092898,
      "w": -1.399999976158142
    },
    "sphereToWorldSpace": {
      "e00": 0.05101080238819122,
      "e01": 0.06071346998214722,
      "e02": 0.29330453276634219,
      "e03": -0.11571571975946427,
      "e10": 0.0,
      "e11": 0.23695310950279237,
      "e12": -0.07855913043022156,
      "e13": 0.022708574309945108,
      "e20": -0.23957861959934236,
      "e21": 0.012927045114338398,
      "e22": 0.062450066208839419,
      "e23": -0.05288427695631981,
      "e30": 0.0,
      "e31": 0.0,
      "e32": 0.0,
      "e33": 1.0
    },
    "worldToScreenSpace": {
      "e00": 3.2099902629852297,
      "e01": 14.151464462280274,
      "e02": 4.358945369720459,
      "e03": 0.23905712366104127,
      "e10": -14.465057373046875,
      "e11": 0.6354381442070007,
      "e12": 8.58930492401123,
      "e13": -1.1964036226272584,
      "e20": 0.4656706154346466,
      "e21": -0.3552822172641754,
      "e22": 0.8105093836784363,
      "e23": 0.013214468024671078,
      "e30": 0.0,
      "e31": 0.0,
      "e32": 0.0,
      "e33": 1.0
    }
  },
  "rightEye": {
    "ellipseMinorAxis": 0.24494899809360505,
    "ellipseMajorAxis": 0.3099985122680664,
    "screenForward": {
      "x": -0.5042778253555298,
      "y": -0.3058215081691742,
      "z": 0.8075748085975647
    },
    "screenPosition": {
      "x": 0.07425191253423691,
      "y": -0.00641774432733655,
      "z": 0.022898707538843156
    },
    "eyePosition": {
      "x": 0.03200000151991844,
      "y": -0.010999999940395356,
      "z": -0.004999999888241291
    },
    "eyeRotation": {
      "x": 7.395533370627759e-32,
      "y": 1.7763568394002506e-15,
      "z": 1.1241009818395605e-14,
      "w": 1.0
    },
    "cameraProjection": {
      "x": -0.699999988079071,
      "y": 0.699999988079071,
      "z": 0.30000001192092898,
      "w": -1.399999976158142
    },
    "sphereToWorldSpace": {
      "e00": 0.05101081356406212,
      "e01": -0.060713451355695727,
      "e02": -0.29330453276634219,
      "e03": 0.11476176232099533,
      "e10": 0.0,
      "e11": 0.23695312440395356,
      "e12": -0.07855910062789917,
      "e13": 0.023126309737563134,
      "e20": 0.23957861959934236,
      "e21": 0.0129270413890481,
      "e22": 0.062450066208839419,
      "e23": -0.05427459999918938,
      "e30": 0.0,
      "e31": 0.0,
      "e32": 0.0,
      "e33": 1.0
    },
    "worldToScreenSpace": {
      "e00": -2.475327491760254,
      "e01": 14.425568580627442,
      "e02": 3.9171555042266847,
      "e03": 0.18667961657047273,
      "e10": -14.275199890136719,
      "e11": -0.02630840241909027,
      "e12": -8.923894882202149,
      "e13": 1.2641377449035645,
      "e20": -0.5042778849601746,
      "e21": -0.3058214783668518,
      "e22": 0.8075747489929199,
      "e23": 0.016988497227430345,
      "e30": 0.0,
      "e31": 0.0,
      "e32": 0.0,
      "e33": 1.0
    }
  },
  "leapTracker": {
    "name": "Leap Odometry Origin",
    "serial": "",
    "localPose": {
      "position": {
        "x": 0.0,
        "y": 0.039777886122465137,
        "z": 0.0804821103811264
      },
      "rotation": {
        "x": 0.2449776977300644,
        "y": 0.052144505083560947,
        "z": -0.013196045532822609,
        "w": 0.9680355191230774
      }
    }
  }
}