{
  "leftEye": {
    "ellipseMinorAxis": 0.24494899809360505,
    "ellipseMajorAxis": 0.3099985122680664,
    "screenForward": {
      "x": 0.34539172053337099,
      "y": -0.20852085947990418,
      "z": 0.91499924659729
    },
    "screenPosition": {
      "x": -0.07586868852376938,
      "y": -0.004556748084723949,
      "z": 0.010553254745900631
    },
    "eyePosition": {
      "x": -0.03200000151991844,
      "y": -0.010999999940395356,
      "z": -0.004999999888241291
    },
    "eyeRotation": {
      "x": 7.395533370627759e-32,
      "y": 1.7763568394002506e-15,
      "z": 1.1241009818395605e-14,
      "w": 1.0
    },
    "cameraProjection": {
      "x": -0.699999988079071,
      "y": 0.699999988079071,
      "z": 0.30000001192092898,
      "w": -1.399999976158142
    },
    "sphereToWorldSpace": {
      "e00": 0.05101080238819122,
      "e01": 0.06071346998214722,
      "e02": 0.29330453276634219,
      "e03": -0.11627566069364548,
      "e10": 0.0,
      "e11": 0.23695310950279237,
      "e12": -0.07855913043022156,
      "e13": 0.025951819494366647,
      "e20": -0.23957861959934236,
      "e21": 0.012927045114338398,
      "e22": 0.062450066208839419,
      "e23": -0.05480071157217026,
      "e30": 0.0,
      "e31": 0.0,
      "e32": 0.0,
      "e33": 1.0
    },
    "worldToScreenSpace": {
      "e00": 1.4973050355911255,
      "e01": 14.813072204589844,
      "e02": 2.8105785846710207,
      "e03": 0.15143726766109467,
      "e10": -15.711129188537598,
      "e11": 0.4436478316783905,
      "e12": 6.031702041625977,
      "e13": -1.2536152601242066,
      "e20": 0.3453916609287262,
      "e21": -0.20852085947990418,
      "e22": 0.9149991869926453,
      "e23": 0.015598014928400517,
      "e30": 0.0,
      "e31": 0.0,
      "e32": 0.0,
      "e33": 1.0
    }
  },
  "rightEye": {
    "ellipseMinorAxis": 0.24494899809360505,
    "ellipseMajorAxis": 0.3099985122680664,
    "screenForward": {
      "x": -0.29568231105804446,
      "y": -0.19850575923919679,
      "z": 0.9344342947006226
    },
    "screenPosition": {
      "x": 0.0763787254691124,
      "y": -0.0055537172593176369,
      "z": 0.013980685733258725
    },
    "eyePosition": {
      "x": 0.03200000151991844,
      "y": -0.010999999940395356,
      "z": -0.004999999888241291
    },
    "eyeRotation": {
      "x": 7.395533370627759e-32,
      "y": 1.7763568394002506e-15,
      "z": 1.1241009818395605e-14,
      "w": 1.0
    },
    "cameraProjection": {
      "x": -0.699999988079071,
      "y": 0.699999988079071,
      "z": 0.30000001192092898,
      "w": -1.399999976158142
    },
    "sphereToWorldSpace": {
      "e00": 0.05101081356406212,
      "e01": -0.060713451355695727,
      "e02": -0.29330453276634219,
      "e03": 0.11016080528497696,
      "e10": 0.0,
      "e11": 0.23695312440395356,
      "e12": -0.07855910062789917,
      "e13": 0.025559572502970697,
      "e20": 0.23957861959934236,
      "e21": 0.0129270413890481,
      "e22": 0.062450066208839419,
      "e23": -0.054262615740299228,
      "e30": 0.0,
      "e31": 0.0,
      "e32": 0.0,
      "e33": 1.0
    },
    "worldToScreenSpace": {
      "e00": -1.0682796239852906,
      "e01": 14.849066734313965,
      "e02": 2.8164145946502687,
      "e03": 0.12468595802783966,
      "e10": -16.03839874267578,
      "e11": -0.18385958671569825,
      "e12": -5.114076137542725,
      "e13": 1.2954695224761963,
      "e20": -0.2956823408603668,
      "e21": -0.19850577414035798,
      "e22": 0.9344342947006226,
      "e23": 0.008417363278567791,
      "e30": 0.0,
      "e31": 0.0,
      "e32": 0.0,
      "e33": 1.0
    }
  },
  "leapTracker": {
    "name": "Leap Odometry Origin",
    "serial": "",
    "localPose": {
      "position": {
        "x": 0.0,
        "y": 0.039777886122465137,
        "z": 0.0804821103811264
      },
      "rotation": {
        "x": 0.27482354640960696,
        "y": 0.0,
        "z": 0.0,
        "w": 0.9614946842193604
      }
    }
  }
}