{
  "leftEye": {
    "ellipseMinorAxis": 0.24494899809360505,
    "ellipseMajorAxis": 0.3099985122680664,
    "screenForward": {
      "x": 0.4524787366390228,
      "y": -0.32358649373054507,
      "z": 0.8309962749481201
    },
    "screenPosition": {
      "x": -0.07320830971002579,
      "y": -0.005514973774552345,
      "z": 0.019328951835632325
    },
    "eyePosition": {
      "x": -0.03200000151991844,
      "y": -0.010999999940395356,
      "z": -0.004999999888241291
    },
    "eyeRotation": {
      "x": 7.395533370627759e-32,
      "y": 1.7763568394002506e-15,
      "z": 1.1241009818395605e-14,
      "w": 1.0
    },
    "cameraProjection": {
      "x": -0.699999988079071,
      "y": 0.699999988079071,
      "z": 0.30000001192092898,
      "w": -1.399999976158142
    },
    "sphereToWorldSpace": {
      "e00": 0.05101081356406212,
      "e01": 0.06071346253156662,
      "e02": 0.29330453276634219,
      "e03": -0.1184147372841835,
      "e10": 3.650024504864291e-9,
      "e11": 0.23695310950279237,
      "e12": -0.07855912297964096,
      "e13": 0.023312881588935853,
      "e20": -0.23957861959934236,
      "e21": 0.012927046976983548,
      "e22": 0.062450066208839419,
      "e23": -0.053908009082078937,
      "e30": 0.0,
      "e31": 0.0,
      "e32": 0.0,
      "e33": 1.0
    },
    "worldToScreenSpace": {
      "e00": 2.7190425395965578,
      "e01": 14.330636024475098,
      "e02": 4.099766254425049,
      "e03": 0.19884541630744935,
      "e10": -14.705927848815918,
      "e11": 0.4493967294692993,
      "e12": 8.182393074035645,
      "e13": -1.2322746515274048,
      "e20": 0.4524787366390228,
      "e21": -0.32358649373054507,
      "e22": 0.8309963345527649,
      "e23": 0.01527834590524435,
      "e30": 0.0,
      "e31": 0.0,
      "e32": 0.0,
      "e33": 1.0
    }
  },
  "rightEye": {
    "ellipseMinorAxis": 0.24494899809360505,
    "ellipseMajorAxis": 0.3099985122680664,
    "screenForward": {
      "x": -0.46123427152633669,
      "y": -0.3046248257160187,
      "z": 0.8333466649055481
    },
    "screenPosition": {
      "x": 0.07576755434274674,
      "y": -0.007482013665139675,
      "z": 0.023287873715162278
    },
    "eyePosition": {
      "x": 0.03200000151991844,
      "y": -0.010999999940395356,
      "z": -0.004999999888241291
    },
    "eyeRotation": {
      "x": 7.395533370627759e-32,
      "y": 1.7763568394002506e-15,
      "z": 1.1241009818395605e-14,
      "w": 1.0
    },
    "cameraProjection": {
      "x": -0.699999988079071,
      "y": 0.699999988079071,
      "z": 0.30000001192092898,
      "w": -1.399999976158142
    },
    "sphereToWorldSpace": {
      "e00": 0.05101081356406212,
      "e01": -0.060713451355695727,
      "e02": -0.29330453276634219,
      "e03": 0.11672323197126389,
      "e10": 0.0,
      "e11": 0.23695312440395356,
      "e12": -0.07855910062789917,
      "e13": 0.021655282005667688,
      "e20": 0.23957861959934236,
      "e21": 0.0129270413890481,
      "e22": 0.062450066208839419,
      "e23": -0.053759973496198657,
      "e30": 0.0,
      "e31": 0.0,
      "e32": 0.0,
      "e33": 1.0
    },
    "worldToScreenSpace": {
      "e00": -2.511229991912842,
      "e01": 14.42825698852539,
      "e02": 3.884265184402466,
      "e03": 0.20776590704917909,
      "e10": -14.674430847167969,
      "e11": -0.3346329629421234,
      "e12": -8.24421215057373,
      "e13": 1.3013322353363038,
      "e20": -0.4612342119216919,
      "e21": -0.3046247661113739,
      "e22": 0.8333467245101929,
      "e23": 0.013260511681437493,
      "e30": 0.0,
      "e31": 0.0,
      "e32": 0.0,
      "e33": 1.0
    }
  },
  "leapTracker": {
    "name": "Leap Odometry Origin",
    "serial": "",
    "localPose": {
      "position": {
        "x": 0.0,
        "y": 0.039777886122465137,
        "z": 0.0804821103811264
      },
      "rotation": {
        "x": 0.18414153158664704,
        "y": 0.03573054075241089,
        "z": -0.0066985273733735088,
        "w": 0.9822272658348084
      }
    }
  }
}