{
  "leftEye": {
    "ellipseMinorAxis": 0.24494899809360505,
    "ellipseMajorAxis": 0.3099985122680664,
    "screenForward": {
      "x": 0.3540927767753601,
      "y": -0.24490198493003846,
      "z": 0.9025748372077942
    },
    "screenPosition": {
      "x": -0.07892517000436783,
      "y": -0.008415596559643746,
      "z": 0.013811198994517327
    },
    "eyePosition": {
      "x": -0.03200000151991844,
      "y": -0.010999999940395356,
      "z": -0.004999999888241291
    },
    "eyeRotation": {
      "x": 7.395533370627759e-32,
      "y": 1.7763568394002506e-15,
      "z": 1.1241009818395605e-14,
      "w": 1.0
    },
    "cameraProjection": {
      "x": -0.699999988079071,
      "y": 0.699999988079071,
      "z": 0.30000001192092898,
      "w": -1.399999976158142
    },
    "sphereToWorldSpace": {
      "e00": 0.05101080238819122,
      "e01": 0.06071346998214722,
      "e02": 0.29330453276634219,
      "e03": -0.12109103053808212,
      "e10": 0.0,
      "e11": 0.23695310950279237,
      "e12": -0.07855913043022156,
      "e13": 0.023337123915553094,
      "e20": -0.23957861959934236,
      "e21": 0.012927045114338398,
      "e22": 0.062450066208839419,
      "e23": -0.052072834223508838,
      "e30": 0.0,
      "e31": 0.0,
      "e32": 0.0,
      "e33": 1.0
    },
    "worldToScreenSpace": {
      "e00": 1.579827070236206,
      "e01": 14.688251495361329,
      "e02": 3.365678310394287,
      "e03": 0.2018144577741623,
      "e10": -15.64612102508545,
      "e11": 0.2601669430732727,
      "e12": 6.208785533905029,
      "e13": -1.3184340000152588,
      "e20": 0.3540927767753601,
      "e21": -0.24490201473236085,
      "e22": 0.9025747776031494,
      "e23": 0.013420192524790764,
      "e30": 0.0,
      "e31": 0.0,
      "e32": 0.0,
      "e33": 1.0
    }
  },
  "rightEye": {
    "ellipseMinorAxis": 0.24494899809360505,
    "ellipseMajorAxis": 0.3099985122680664,
    "screenForward": {
      "x": -0.3040858805179596,
      "y": -0.24974779784679414,
      "z": 0.9193246364593506
    },
    "screenPosition": {
      "x": 0.07578645646572113,
      "y": -0.005967496428638697,
      "z": 0.016197016462683679
    },
    "eyePosition": {
      "x": 0.03200000151991844,
      "y": -0.010999999940395356,
      "z": -0.004999999888241291
    },
    "eyeRotation": {
      "x": 7.395533370627759e-32,
      "y": 1.7763568394002506e-15,
      "z": 1.1241009818395605e-14,
      "w": 1.0
    },
    "cameraProjection": {
      "x": -0.699999988079071,
      "y": 0.699999988079071,
      "z": 0.30000001192092898,
      "w": -1.399999976158142
    },
    "sphereToWorldSpace": {
      "e00": 0.05101081356406212,
      "e01": -0.060713451355695727,
      "e02": -0.29330453276634219,
      "e03": 0.1123865470290184,
      "e10": 0.0,
      "e11": 0.23695312440395356,
      "e12": -0.07855910062789917,
      "e13": 0.027426933869719507,
      "e20": 0.23957861959934236,
      "e21": 0.0129270413890481,
      "e22": 0.062450066208839419,
      "e23": -0.0511503629386425,
      "e30": 0.0,
      "e31": 0.0,
      "e32": 0.0,
      "e33": 1.0
    },
    "worldToScreenSpace": {
      "e00": -0.8857627511024475,
      "e01": 14.668136596679688,
      "e02": 3.6918258666992189,
      "e03": 0.09486431628465653,
      "e10": -16.007564544677736,
      "e11": 0.3425865173339844,
      "e12": -5.201767921447754,
      "e13": 1.2994540929794312,
      "e20": -0.3040858507156372,
      "e21": -0.24974775314331056,
      "e22": 0.9193246960639954,
      "e23": 0.0066649033688008789,
      "e30": 0.0,
      "e31": 0.0,
      "e32": 0.0,
      "e33": 1.0
    }
  },
  "leapTracker": {
    "name": "Leap Odometry Origin",
    "serial": "",
    "localPose": {
      "position": {
        "x": 0.0,
        "y": 0.039777886122465137,
        "z": 0.0804821103811264
      },
      "rotation": {
        "x": 0.2972978949546814,
        "y": 0.08594734221696854,
        "z": -0.02688184566795826,
        "w": 0.9505285024642944
      }
    }
  }
}