{
  "leftEye": {
    "ellipseMinorAxis": 0.24494899809360505,
    "ellipseMajorAxis": 0.3099985420703888,
    "screenForward": {
      "x": 0.3490737974643707,
      "y": -0.19236767292022706,
      "z": 0.9171380400657654
    },
    "screenPosition": {
      "x": -0.07773800194263458,
      "y": -0.005045558791607618,
      "z": 0.010744329541921616
    },
    "eyePosition": {
      "x": -0.03200000151991844,
      "y": -0.010999999940395356,
      "z": -0.004999999888241291
    },
    "eyeRotation": {
      "x": 7.395533370627759e-32,
      "y": 1.7763568394002506e-15,
      "z": 1.1241009818395605e-14,
      "w": 1.0
    },
    "cameraProjection": {
      "x": -0.699999988079071,
      "y": 0.699999988079071,
      "z": 0.30000001192092898,
      "w": -1.399999976158142
    },
    "sphereToWorldSpace": {
      "e00": 0.05101080238819122,
      "e01": 0.06071346998214722,
      "e02": 0.29330456256866457,
      "e03": -0.11639104783535004,
      "e10": 0.0,
      "e11": 0.23695310950279237,
      "e12": -0.07855913788080216,
      "e13": 0.026115836575627328,
      "e20": -0.23957861959934236,
      "e21": 0.012927045114338398,
      "e22": 0.062450069934129718,
      "e23": -0.05303316190838814,
      "e30": 0.0,
      "e31": 0.0,
      "e32": 0.0,
      "e33": 1.0
    },
    "worldToScreenSpace": {
      "e00": 1.2501623630523682,
      "e01": 14.866838455200196,
      "e02": 2.6424591541290285,
      "e03": 0.14380519092082978,
      "e10": -15.71474552154541,
      "e11": 0.24906539916992188,
      "e12": 6.0334625244140629,
      "e13": -1.2852016687393189,
      "e20": 0.34907370805740359,
      "e21": -0.19236764311790467,
      "e22": 0.917137861251831,
      "e23": 0.016311658546328546,
      "e30": 0.0,
      "e31": 0.0,
      "e32": 0.0,
      "e33": 1.0
    }
  },
  "rightEye": {
    "ellipseMinorAxis": 0.24494899809360505,
    "ellipseMajorAxis": 0.3099985122680664,
    "screenForward": {
      "x": -0.29140377044677737,
      "y": -0.19497765600681306,
      "z": 0.9365188479423523
    },
    "screenPosition": {
      "x": 0.07904122769832611,
      "y": -0.009683383628726006,
      "z": 0.014534296467900277
    },
    "eyePosition": {
      "x": 0.03200000151991844,
      "y": -0.010999999940395356,
      "z": -0.004999999888241291
    },
    "eyeRotation": {
      "x": 7.395533370627759e-32,
      "y": 1.7763568394002506e-15,
      "z": 1.1241009818395605e-14,
      "w": 1.0
    },
    "cameraProjection": {
      "x": -0.699999988079071,
      "y": 0.699999988079071,
      "z": 0.30000001192092898,
      "w": -1.399999976158142
    },
    "sphereToWorldSpace": {
      "e00": 0.05101081356406212,
      "e01": -0.060713451355695727,
      "e02": -0.29330453276634219,
      "e03": 0.11734417825937271,
      "e10": 0.0,
      "e11": 0.23695312440395356,
      "e12": -0.07855910062789917,
      "e13": 0.025596031919121743,
      "e20": 0.23957861959934236,
      "e21": 0.0129270413890481,
      "e22": 0.062450066208839419,
      "e23": -0.05352587625384331,
      "e30": 0.0,
      "e31": 0.0,
      "e32": 0.0,
      "e33": 1.0
    },
    "worldToScreenSpace": {
      "e00": -1.1587157249450684,
      "e01": 14.857913970947266,
      "e02": 2.7327873706817629,
      "e03": 0.19574205577373506,
      "e10": -16.052837371826173,
      "e11": -0.320905864238739,
      "e12": -5.0617523193359379,
      "e13": 1.3392976522445679,
      "e20": -0.29140374064445498,
      "e21": -0.19497761130332948,
      "e22": 0.9365188479423523,
      "e23": 0.007533225230872631,
      "e30": 0.0,
      "e31": 0.0,
      "e32": 0.0,
      "e33": 1.0
    }
  },
  "leapTracker": {
    "name": "Leap Odometry Origin",
    "serial": "",
    "localPose": {
      "position": {
        "x": 0.0,
        "y": 0.039777886122465137,
        "z": 0.0804821103811264
      },
      "rotation": {
        "x": 0.309562623500824,
        "y": -0.013829330913722515,
        "z": 0.004502722527831793,
        "w": 0.9507678747177124
      }
    }
  }
}