{
  "leftEye": {
    "ellipseMinorAxis": 0.24494899809360505,
    "ellipseMajorAxis": 0.3099985122680664,
    "screenForward": {
      "x": 0.36186787486076357,
      "y": -0.21831512451171876,
      "z": 0.9063057899475098
    },
    "screenPosition": {
      "x": -0.0727321058511734,
      "y": -0.010374480858445168,
      "z": 0.012754233554005623
    },
    "eyePosition": {
      "x": -0.03200000151991844,
      "y": -0.010999999940395356,
      "z": -0.004999999888241291
    },
    "eyeRotation": {
      "x": 7.395533370627759e-32,
      "y": 1.7763568394002506e-15,
      "z": 1.1241009818395605e-14,
      "w": 1.0
    },
    "cameraProjection": {
      "x": -0.699999988079071,
      "y": 0.699999988079071,
      "z": 0.30000001192092898,
      "w": -1.399999976158142
    },
    "sphereToWorldSpace": {
      "e00": 0.05101080238819122,
      "e01": 0.06071346998214722,
      "e02": 0.29330453276634219,
      "e03": -0.11529413610696793,
      "e10": 0.0,
      "e11": 0.23695310950279237,
      "e12": -0.07855913043022156,
      "e13": 0.025216320529580118,
      "e20": -0.23957861959934236,
      "e21": 0.012927045114338398,
      "e22": 0.062450066208839419,
      "e23": -0.05332614853978157,
      "e30": 0.0,
      "e31": 0.0,
      "e32": 0.0,
      "e33": 1.0
    },
    "worldToScreenSpace": {
      "e00": 1.0584442615509034,
      "e01": 14.784980773925782,
      "e02": 3.1388602256774904,
      "e03": 0.19033563137054444,
      "e10": -15.64997386932373,
      "e11": -0.19619780778884889,
      "e12": 6.201426982879639,
      "e13": -1.2193856239318848,
      "e20": 0.3618678152561188,
      "e21": -0.21831510961055757,
      "e22": 0.906305730342865,
      "e23": 0.01249526534229517,
      "e30": 0.0,
      "e31": 0.0,
      "e32": 0.0,
      "e33": 1.0
    }
  },
  "rightEye": {
    "ellipseMinorAxis": 0.24494899809360505,
    "ellipseMajorAxis": 0.3099985122680664,
    "screenForward": {
      "x": -0.3758131265640259,
      "y": -0.20101666450500489,
      "z": 0.9046307802200317
    },
    "screenPosition": {
      "x": 0.07423826307058335,
      "y": -0.008956994861364365,
      "z": 0.01883804425597191
    },
    "eyePosition": {
      "x": 0.03200000151991844,
      "y": -0.010999999940395356,
      "z": -0.004999999888241291
    },
    "eyeRotation": {
      "x": 7.395533370627759e-32,
      "y": 1.7763568394002506e-15,
      "z": 1.1241009818395605e-14,
      "w": 1.0
    },
    "cameraProjection": {
      "x": -0.699999988079071,
      "y": 0.699999988079071,
      "z": 0.30000001192092898,
      "w": -1.399999976158142
    },
    "sphereToWorldSpace": {
      "e00": 0.05101081356406212,
      "e01": -0.060713451355695727,
      "e02": -0.29330453276634219,
      "e03": 0.11036329716444016,
      "e10": 0.0,
      "e11": 0.23695312440395356,
      "e12": -0.07855910062789917,
      "e13": 0.0249695535749197,
      "e20": 0.23957861959934236,
      "e21": 0.0129270413890481,
      "e22": 0.062450066208839419,
      "e23": -0.04963549226522446,
      "e30": 0.0,
      "e31": 0.0,
      "e32": 0.0,
      "e33": 1.0
    },
    "worldToScreenSpace": {
      "e00": -0.9221194386482239,
      "e01": 14.83993911743164,
      "e02": 2.914482593536377,
      "e03": 0.1464746594429016,
      "e10": -15.567252159118653,
      "e11": 0.29013633728027346,
      "e12": -6.402673244476318,
      "e13": 1.2788983583450318,
      "e20": -0.37581318616867068,
      "e21": -0.20101670920848847,
      "e22": 0.9046308398246765,
      "e23": 0.009057736024260521,
      "e30": 0.0,
      "e31": 0.0,
      "e32": 0.0,
      "e33": 1.0
    }
  },
  "leapTracker": {
    "name": "Leap Odometry Origin",
    "serial": "",
    "localPose": {
      "position": {
        "x": 0.0,
        "y": 0.039777886122465137,
        "z": 0.0804821103811264
      },
      "rotation": {
        "x": 0.33025622367858889,
        "y": 0.006864089053124189,
        "z": -0.0024017333053052427,
        "w": 0.9438633322715759
      }
    }
  }
}