{
  "leftEye": {
    "ellipseMinorAxis": 0.24494899809360505,
    "ellipseMajorAxis": 0.3099985122680664,
    "screenForward": {
      "x": 0.3282269239425659,
      "y": -0.19554945826530457,
      "z": 0.9241361021995544
    },
    "screenPosition": {
      "x": -0.0771375223994255,
      "y": -0.005672141909599304,
      "z": 0.010342011228203774
    },
    "eyePosition": {
      "x": -0.03200000151991844,
      "y": -0.010999999940395356,
      "z": -0.004999999888241291
    },
    "eyeRotation": {
      "x": 7.395533370627759e-32,
      "y": 1.7763568394002506e-15,
      "z": 1.1241009818395605e-14,
      "w": 1.0
    },
    "cameraProjection": {
      "x": -0.699999988079071,
      "y": 0.699999988079071,
      "z": 0.30000001192092898,
      "w": -1.399999976158142
    },
    "sphereToWorldSpace": {
      "e00": 0.05101080238819122,
      "e01": 0.06071346998214722,
      "e02": 0.29330453276634219,
      "e03": -0.11545250564813614,
      "e10": 0.0,
      "e11": 0.23695310950279237,
      "e12": -0.07855913043022156,
      "e13": 0.025890300050377847,
      "e20": -0.23957861959934236,
      "e21": 0.012927045114338398,
      "e22": 0.062450066208839419,
      "e23": -0.0523855946958065,
      "e30": 0.0,
      "e31": 0.0,
      "e32": 0.0,
      "e33": 1.0
    },
    "worldToScreenSpace": {
      "e00": 0.9299746751785278,
      "e01": 14.858858108520508,
      "e02": 2.813868761062622,
      "e03": 0.12691643834114076,
      "e10": -15.868733406066895,
      "e11": -0.07129311561584473,
      "e12": 5.621036529541016,
      "e13": -1.2826118469238282,
      "e20": 0.32822686433792117,
      "e21": -0.19554941356182099,
      "e22": 0.9241361021995544,
      "e23": 0.014651996083557606,
      "e30": 0.0,
      "e31": 0.0,
      "e32": 0.0,
      "e33": 1.0
    }
  },
  "rightEye": {
    "ellipseMinorAxis": 0.24494899809360505,
    "ellipseMajorAxis": 0.3099985122680664,
    "screenForward": {
      "x": -0.30966076254844668,
      "y": -0.19787073135375977,
      "z": 0.930030882358551
    },
    "screenPosition": {
      "x": 0.07682763040065766,
      "y": -0.006172880996018648,
      "z": 0.017006827518343927
    },
    "eyePosition": {
      "x": 0.03200000151991844,
      "y": -0.010999999940395356,
      "z": -0.004999999888241291
    },
    "eyeRotation": {
      "x": 7.395533370627759e-32,
      "y": 1.7763568394002506e-15,
      "z": 1.1241009818395605e-14,
      "w": 1.0
    },
    "cameraProjection": {
      "x": -0.699999988079071,
      "y": 0.699999988079071,
      "z": 0.30000001192092898,
      "w": -1.399999976158142
    },
    "sphereToWorldSpace": {
      "e00": 0.05101081356406212,
      "e01": -0.060713451355695727,
      "e02": -0.29330453276634219,
      "e03": 0.11161214858293534,
      "e10": 0.0,
      "e11": 0.23695312440395356,
      "e12": -0.07855910062789917,
      "e13": 0.025297636166214944,
      "e20": 0.23957861959934236,
      "e21": 0.0129270413890481,
      "e22": 0.062450066208839419,
      "e23": -0.05147805064916611,
      "e30": 0.0,
      "e31": 0.0,
      "e32": 0.0,
      "e33": 1.0
    },
    "worldToScreenSpace": {
      "e00": -0.9236811399459839,
      "e01": 14.851920127868653,
      "e02": 2.8523056507110597,
      "e03": 0.11413470655679703,
      "e10": -15.974594116210938,
      "e11": 0.026882708072662355,
      "e12": -5.313141345977783,
      "e13": 1.317815899848938,
      "e20": -0.30966079235076907,
      "e21": -0.19787073135375977,
      "e22": 0.9300310015678406,
      "e23": 0.006752194836735725,
      "e30": 0.0,
      "e31": 0.0,
      "e32": 0.0,
      "e33": 1.0
    }
  },
  "leapTracker": {
    "name": "Leap Odometry Origin",
    "serial": "",
    "localPose": {
      "position": {
        "x": 0.0,
        "y": 0.039777886122465137,
        "z": 0.0804821103811264
      },
      "rotation": {
        "x": 0.27444693446159365,
        "y": 0.050320737063884738,
        "z": -0.014383150264620781,
        "w": 0.9601770043373108
      }
    }
  }
}