{
  "leftEye": {
    "ellipseMinorAxis": 0.24494899809360505,
    "ellipseMajorAxis": 0.3099985122680664,
    "screenForward": {
      "x": 0.3618677854537964,
      "y": -0.21831509470939637,
      "z": 0.9063058495521545
    },
    "screenPosition": {
      "x": -0.072732113301754,
      "y": -0.010374478064477444,
      "z": 0.012754231691360474
    },
    "eyePosition": {
      "x": -0.03200000151991844,
      "y": -0.010999999940395356,
      "z": -0.004999999888241291
    },
    "eyeRotation": {
      "x": 7.395533370627759e-32,
      "y": 1.7763568394002506e-15,
      "z": 1.1241009818395605e-14,
      "w": 1.0
    },
    "cameraProjection": {
      "x": -0.699999988079071,
      "y": 0.699999988079071,
      "z": 0.30000001192092898,
      "w": -1.399999976158142
    },
    "sphereToWorldSpace": {
      "e00": 0.05101080238819122,
      "e01": 0.06071346998214722,
      "e02": 0.29330453276634219,
      "e03": -0.11529413610696793,
      "e10": 0.0,
      "e11": 0.23695310950279237,
      "e12": -0.07855913043022156,
      "e13": 0.025216320529580118,
      "e20": -0.23957861959934236,
      "e21": 0.012927045114338398,
      "e22": 0.062450066208839419,
      "e23": -0.05332614853978157,
      "e30": 0.0,
      "e31": 0.0,
      "e32": 0.0,
      "e33": 1.0
    },
    "worldToScreenSpace": {
      "e00": 1.0584449768066407,
      "e01": 14.784980773925782,
      "e02": 3.138859987258911,
      "e03": 0.19033566117286683,
      "e10": -15.649972915649414,
      "e11": -0.1961967945098877,
      "e12": 6.201426029205322,
      "e13": -1.2193855047225953,
      "e20": 0.361867755651474,
      "e21": -0.21831510961055757,
      "e22": 0.9063057899475098,
      "e23": 0.012495266273617745,
      "e30": 0.0,
      "e31": 0.0,
      "e32": 0.0,
      "e33": 1.0
    }
  },
  "rightEye": {
    "ellipseMinorAxis": 0.24494899809360505,
    "ellipseMajorAxis": 0.3099985122680664,
    "screenForward": {
      "x": -0.3758130967617035,
      "y": -0.2010166347026825,
      "z": 0.9046307802200317
    },
    "screenPosition": {
      "x": 0.07423825562000275,
      "y": -0.008956996724009514,
      "z": 0.01883804425597191
    },
    "eyePosition": {
      "x": 0.03200000151991844,
      "y": -0.010999999940395356,
      "z": -0.004999999888241291
    },
    "eyeRotation": {
      "x": 7.395533370627759e-32,
      "y": 1.7763568394002506e-15,
      "z": 1.1241009818395605e-14,
      "w": 1.0
    },
    "cameraProjection": {
      "x": -0.699999988079071,
      "y": 0.699999988079071,
      "z": 0.30000001192092898,
      "w": -1.399999976158142
    },
    "sphereToWorldSpace": {
      "e00": 0.05101081356406212,
      "e01": -0.060713451355695727,
      "e02": -0.29330453276634219,
      "e03": 0.11036329716444016,
      "e10": 0.0,
      "e11": 0.23695312440395356,
      "e12": -0.07855910062789917,
      "e13": 0.0249695535749197,
      "e20": 0.23957861959934236,
      "e21": 0.0129270413890481,
      "e22": 0.062450066208839419,
      "e23": -0.04963549226522446,
      "e30": 0.0,
      "e31": 0.0,
      "e32": 0.0,
      "e33": 1.0
    },
    "worldToScreenSpace": {
      "e00": -0.9221174716949463,
      "e01": 14.839941024780274,
      "e02": 2.914483070373535,
      "e03": 0.14647452533245088,
      "e10": -15.567254066467286,
      "e11": 0.29013845324516299,
      "e12": -6.402673244476318,
      "e13": 1.2788983583450318,
      "e20": -0.3758130967617035,
      "e21": -0.2010166198015213,
      "e22": 0.9046308398246765,
      "e23": 0.0090577257797122,
      "e30": 0.0,
      "e31": 0.0,
      "e32": 0.0,
      "e33": 1.0
    }
  },
  "leapTracker": {
    "name": "Leap Odometry Origin",
    "serial": "",
    "localPose": {
      "position": {
        "x": 0.0,
        "y": 0.039777886122465137,
        "z": 0.0804821103811264
      },
      "rotation": {
        "x": 0.33025622367858889,
        "y": 0.006864089053124189,
        "z": -0.0024017333053052427,
        "w": 0.9438633322715759
      }
    }
  }
}