{
  "leftEye": {
    "ellipseMinorAxis": 0.24494899809360505,
    "ellipseMajorAxis": 0.3099985122680664,
    "screenForward": {
      "x": 0.47784650325775149,
      "y": -0.3337903320789337,
      "z": 0.812555730342865
    },
    "screenPosition": {
      "x": -0.07094395160675049,
      "y": -0.008626587688922882,
      "z": 0.02135632373392582
    },
    "eyePosition": {
      "x": -0.03200000151991844,
      "y": -0.010999999940395356,
      "z": -0.004999999888241291
    },
    "eyeRotation": {
      "x": 7.395533370627759e-32,
      "y": 1.7763568394002506e-15,
      "z": 1.1241009818395605e-14,
      "w": 1.0
    },
    "cameraProjection": {
      "x": -0.699999988079071,
      "y": 0.699999988079071,
      "z": 0.30000001192092898,
      "w": -1.399999976158142
    },
    "sphereToWorldSpace": {
      "e00": 0.05101080238819122,
      "e01": 0.06071346998214722,
      "e02": 0.29330453276634219,
      "e03": -0.11653807014226914,
      "e10": 0.0,
      "e11": 0.23695310950279237,
      "e12": -0.07855913043022156,
      "e13": 0.022243382409214975,
      "e20": -0.23957861959934236,
      "e21": 0.012927045114338398,
      "e22": 0.062450066208839419,
      "e23": -0.05217147246003151,
      "e30": 0.0,
      "e31": 0.0,
      "e32": 0.0,
      "e33": 1.0
    },
    "worldToScreenSpace": {
      "e00": 2.495014190673828,
      "e01": 14.28233528137207,
      "e02": 4.399786472320557,
      "e03": 0.20625075697898866,
      "e10": -14.526449203491211,
      "e11": -0.08342716097831726,
      "e12": 8.50841999053955,
      "e13": -1.2129920721054078,
      "e20": 0.4778463840484619,
      "e21": -0.33379027247428896,
      "e22": 0.8125556111335754,
      "e23": 0.013667640276253224,
      "e30": 0.0,
      "e31": 0.0,
      "e32": 0.0,
      "e33": 1.0
    }
  },
  "rightEye": {
    "ellipseMinorAxis": 0.24494899809360505,
    "ellipseMajorAxis": 0.3099985122680664,
    "screenForward": {
      "x": -0.4522024095058441,
      "y": -0.28498172760009768,
      "z": 0.8451617956161499
    },
    "screenPosition": {
      "x": 0.07272952049970627,
      "y": -0.008738700300455094,
      "z": 0.02278074063360691
    },
    "eyePosition": {
      "x": 0.03200000151991844,
      "y": -0.010999999940395356,
      "z": -0.004999999888241291
    },
    "eyeRotation": {
      "x": 7.395533370627759e-32,
      "y": 1.7763568394002506e-15,
      "z": 1.1241009818395605e-14,
      "w": 1.0
    },
    "cameraProjection": {
      "x": -0.699999988079071,
      "y": 0.699999988079071,
      "z": 0.30000001192092898,
      "w": -1.399999976158142
    },
    "sphereToWorldSpace": {
      "e00": 0.05101081356406212,
      "e01": -0.060713451355695727,
      "e02": -0.29330453276634219,
      "e03": 0.11494291573762894,
      "e10": 0.0,
      "e11": 0.23695312440395356,
      "e12": -0.07855910062789917,
      "e13": 0.024061294272542,
      "e20": 0.23957861959934236,
      "e21": 0.0129270413890481,
      "e22": 0.062450066208839419,
      "e23": -0.05387824401259422,
      "e30": 0.0,
      "e31": 0.0,
      "e32": 0.0,
      "e33": 1.0
    },
    "worldToScreenSpace": {
      "e00": -1.904449224472046,
      "e01": 14.522512435913086,
      "e02": 3.8779006004333498,
      "e03": 0.17707611620426179,
      "e10": -14.865561485290528,
      "e11": 0.16003090143203736,
      "e12": -7.899832248687744,
      "e13": 1.2625277042388917,
      "e20": -0.45220237970352175,
      "e21": -0.2849816679954529,
      "e22": 0.8451617956161499,
      "e23": 0.011144682765007019,
      "e30": 0.0,
      "e31": 0.0,
      "e32": 0.0,
      "e33": 1.0
    }
  },
  "leapTracker": {
    "name": "Leap Odometry Origin",
    "serial": "",
    "localPose": {
      "position": {
        "x": 0.0,
        "y": 0.039777886122465137,
        "z": 0.0804821103811264
      },
      "rotation": {
        "x": 0.3387308716773987,
        "y": 0.07651595026254654,
        "z": -0.02765035443007946,
        "w": 0.9373592138290405
      }
    }
  }
}