{
  "leftEye": {
    "ellipseMinorAxis": 0.24494899809360505,
    "ellipseMajorAxis": 0.3099985122680664,
    "screenForward": {
      "x": 0.4483852684497833,
      "y": -0.33501994609832766,
      "z": 0.8286810517311096
    },
    "screenPosition": {
      "x": -0.07086487859487534,
      "y": -0.008077362552285195,
      "z": 0.019666656851768495
    },
    "eyePosition": {
      "x": -0.03200000151991844,
      "y": -0.010999999940395356,
      "z": -0.004999999888241291
    },
    "eyeRotation": {
      "x": 7.395533370627759e-32,
      "y": 1.7763568394002506e-15,
      "z": 1.1241009818395605e-14,
      "w": 1.0
    },
    "cameraProjection": {
      "x": -0.699999988079071,
      "y": 0.699999988079071,
      "z": 0.30000001192092898,
      "w": -1.399999976158142
    },
    "sphereToWorldSpace": {
      "e00": 0.05101080238819122,
      "e01": 0.060713477432727817,
      "e02": 0.29330453276634219,
      "e03": -0.11538857221603394,
      "e10": 3.650024504864291e-9,
      "e11": 0.23695310950279237,
      "e12": -0.07855913788080216,
      "e13": 0.024068428203463556,
      "e20": -0.23957861959934236,
      "e21": 0.012927050702273846,
      "e22": 0.062450066208839419,
      "e23": -0.05351691693067551,
      "e30": 0.0,
      "e31": 0.0,
      "e32": 0.0,
      "e33": 1.0
    },
    "worldToScreenSpace": {
      "e00": 2.581598997116089,
      "e01": 14.274813652038575,
      "e02": 4.374176025390625,
      "e03": 0.2122221142053604,
      "e10": -14.771897315979004,
      "e11": 0.1977837085723877,
      "e12": 8.072784423828125,
      "e13": -1.2039759159088135,
      "e20": 0.4483853280544281,
      "e21": -0.3350200057029724,
      "e22": 0.8286809921264648,
      "e23": 0.012771309353411198,
      "e30": 0.0,
      "e31": 0.0,
      "e32": 0.0,
      "e33": 1.0
    }
  },
  "rightEye": {
    "ellipseMinorAxis": 0.24494899809360505,
    "ellipseMajorAxis": 0.3099985420703888,
    "screenForward": {
      "x": -0.42504066228866579,
      "y": -0.3049952983856201,
      "z": 0.8522430658340454
    },
    "screenPosition": {
      "x": 0.0753822922706604,
      "y": -0.008000419475138188,
      "z": 0.021419547498226167
    },
    "eyePosition": {
      "x": 0.03200000151991844,
      "y": -0.010999999940395356,
      "z": -0.004999999888241291
    },
    "eyeRotation": {
      "x": 7.395533370627759e-32,
      "y": 1.7763568394002506e-15,
      "z": 1.1241009818395605e-14,
      "w": 1.0
    },
    "cameraProjection": {
      "x": -0.699999988079071,
      "y": 0.699999988079071,
      "z": 0.30000001192092898,
      "w": -1.399999976158142
    },
    "sphereToWorldSpace": {
      "e00": 0.05101081356406212,
      "e01": -0.060713447630405429,
      "e02": -0.29330456256866457,
      "e03": 0.11600081622600556,
      "e10": 0.0,
      "e11": 0.23695312440395356,
      "e12": -0.07855910807847977,
      "e13": 0.02604556642472744,
      "e20": 0.23957861959934236,
      "e21": 0.01292703952640295,
      "e22": 0.062450069934129718,
      "e23": -0.05406520515680313,
      "e30": 0.0,
      "e31": 0.0,
      "e32": 0.0,
      "e33": 1.0
    },
    "worldToScreenSpace": {
      "e00": -2.147672653198242,
      "e01": 14.42931842803955,
      "e02": 4.09276008605957,
      "e03": 0.18967202305793763,
      "e10": -15.050626754760743,
      "e11": -0.10083311796188355,
      "e12": -7.54231071472168,
      "e13": 1.2952970266342164,
      "e20": -0.42504069209098818,
      "e21": -0.3049953281879425,
      "e22": 0.8522431254386902,
      "e23": 0.011345794424414635,
      "e30": 0.0,
      "e31": 0.0,
      "e32": 0.0,
      "e33": 1.0
    }
  },
  "leapTracker": {
    "name": "Leap Odometry Origin",
    "serial": "",
    "localPose": {
      "position": {
        "x": 0.0,
        "y": 0.039777886122465137,
        "z": 0.0804821103811264
      },
      "rotation": {
        "x": 0.3146902322769165,
        "y": 0.04966949298977852,
        "z": -0.016492212191224099,
        "w": 0.9477505087852478
      }
    }
  }
}